interaction_id,user_id,place_id,type,rating,dwell_sec,timestamp
i_000001,u_0001,p_0013,view,,169,2025-08-13T18:51:43
i_000002,u_0001,p_0061,save,,,2025-08-12T18:00:43
i_000003,u_0001,p_0116,save,4.6,,2025-09-07T13:29:43
i_000004,u_0001,p_0019,view,,242,2025-09-20T17:24:43
i_000005,u_0001,p_0102,view,,242,2025-08-28T23:56:43
i_000006,u_0001,p_0044,checkin,,,2025-10-24T07:58:43
i_000007,u_0001,p_0004,click,4.6,286,2025-10-06T12:48:43
i_000008,u_0001,p_0043,view,,147,2025-09-01T08:12:43
i_000009,u_0001,p_0115,view,,206,2025-10-05T09:53:43
i_000010,u_0001,p_0014,view,,167,2025-10-30T10:53:43
i_000011,u_0001,p_0106,view,,176,2025-08-26T14:01:43
i_000012,u_0001,p_0011,view,,221,2025-07-13T13:39:43
i_000013,u_0001,p_0011,save,3.1,,2025-08-25T01:19:43
i_000014,u_0001,p_0014,view,,253,2025-08-18T19:23:43
i_000015,u_0001,p_0104,view,,146,2025-11-04T10:21:43
i_000016,u_0002,p_0055,click,,159,2025-10-16T07:57:43
i_000017,u_0002,p_0117,click,4.1,118,2025-09-03T07:32:43
i_000018,u_0002,p_0118,checkin,,,2025-07-20T16:06:43
i_000019,u_0002,p_0060,view,,210,2025-10-26T11:14:43
i_000020,u_0002,p_0002,click,,240,2025-09-13T06:33:43
i_000021,u_0002,p_0043,click,,97,2025-07-15T00:22:43
i_000022,u_0002,p_0007,click,3.8,159,2025-07-13T14:05:43
i_000023,u_0002,p_0112,click,5.0,373,2025-08-21T09:16:43
i_000024,u_0002,p_0042,view,,83,2025-09-12T02:06:43
i_000025,u_0002,p_0057,view,,144,2025-09-11T07:02:43
i_000026,u_0002,p_0057,view,,110,2025-09-27T01:27:43
i_000027,u_0002,p_0009,view,,269,2025-09-18T00:10:43
i_000028,u_0002,p_0110,view,,343,2025-10-07T20:24:43
i_000029,u_0002,p_0017,click,4.8,252,2025-09-20T02:16:43
i_000030,u_0002,p_0001,click,3.7,350,2025-08-04T17:07:43
i_000031,u_0002,p_0109,view,,241,2025-10-23T16:46:43
i_000032,u_0002,p_0104,click,,122,2025-09-19T21:46:43
i_000033,u_0002,p_0051,view,,20,2025-09-28T10:52:43
i_000034,u_0003,p_0006,view,,405,2025-09-03T13:57:43
i_000035,u_0003,p_0050,click,3.0,290,2025-07-19T15:17:43
i_000036,u_0003,p_0003,view,,207,2025-10-02T03:49:43
i_000037,u_0003,p_0019,save,4.6,,2025-09-29T22:47:43
i_000038,u_0003,p_0101,view,,280,2025-09-16T09:37:43
i_000039,u_0003,p_0065,view,,199,2025-11-01T07:21:43
i_000040,u_0003,p_0112,save,,,2025-08-15T08:27:43
i_000041,u_0003,p_0012,checkin,3.4,,2025-09-15T22:25:43
i_000042,u_0003,p_0042,click,,148,2025-08-15T19:29:43
i_000043,u_0003,p_0006,click,,136,2025-10-08T22:56:43
i_000044,u_0003,p_0105,view,,288,2025-08-03T02:04:43
i_000045,u_0003,p_0116,view,,225,2025-08-17T15:19:43
i_000046,u_0003,p_0007,save,5.0,,2025-08-01T13:06:43
i_000047,u_0003,p_0004,click,,290,2025-07-26T14:02:43
i_000048,u_0003,p_0108,view,,390,2025-08-02T18:26:43
i_000049,u_0003,p_0003,save,,,2025-09-20T19:37:43
i_000050,u_0004,p_0050,click,4.0,96,2025-08-08T20:55:43
i_000051,u_0004,p_0006,view,,212,2025-07-17T11:24:43
i_000052,u_0004,p_0116,view,,198,2025-08-29T12:37:43
i_000053,u_0004,p_0011,checkin,3.9,,2025-10-01T02:04:43
i_000054,u_0004,p_0110,view,,221,2025-09-11T05:18:43
i_000055,u_0004,p_0044,click,,20,2025-09-03T03:46:43
i_000056,u_0004,p_0107,save,4.2,,2025-09-05T13:55:43
i_000057,u_0004,p_0009,click,3.1,181,2025-08-23T07:18:43
i_000058,u_0004,p_0111,view,,228,2025-07-23T11:49:43
i_000059,u_0004,p_0114,view,,128,2025-08-22T00:47:43
i_000060,u_0004,p_0105,view,,161,2025-08-23T22:37:43
i_000061,u_0004,p_0015,view,,132,2025-07-29T23:21:43
i_000062,u_0004,p_0118,click,,20,2025-09-25T14:46:43
i_000063,u_0004,p_0012,click,,178,2025-09-21T18:04:43
i_000064,u_0004,p_0112,click,5.0,93,2025-10-28T09:06:43
i_000065,u_0004,p_0054,view,,202,2025-10-09T03:32:43
i_000066,u_0004,p_0018,click,4.3,266,2025-09-14T01:01:43
i_000067,u_0004,p_0018,view,,175,2025-10-21T10:19:43
i_000068,u_0005,p_0049,click,3.5,209,2025-10-17T15:46:43
i_000069,u_0005,p_0052,view,,20,2025-10-15T23:59:43
i_000070,u_0005,p_0104,view,,106,2025-10-17T02:42:43
i_000071,u_0005,p_0011,view,,228,2025-09-28T14:15:43
i_000072,u_0005,p_0103,save,3.4,,2025-10-10T23:43:43
i_000073,u_0005,p_0058,click,3.3,204,2025-07-31T10:53:43
i_000074,u_0005,p_0014,view,,234,2025-07-10T05:46:43
i_000075,u_0005,p_0107,view,,218,2025-10-22T18:39:43
i_000076,u_0005,p_0041,view,,125,2025-07-18T18:14:43
i_000077,u_0005,p_0006,view,,293,2025-09-21T17:19:43
i_000078,u_0005,p_0008,click,5.0,242,2025-09-29T08:14:43
i_000079,u_0005,p_0014,click,3.8,207,2025-10-27T09:29:43
i_000080,u_0005,p_0001,view,,226,2025-10-01T01:21:43
i_000081,u_0005,p_0110,save,4.7,,2025-07-17T23:36:43
i_000082,u_0005,p_0055,view,,205,2025-10-24T23:39:43
i_000083,u_0005,p_0008,click,4.2,252,2025-08-12T18:32:43
i_000084,u_0005,p_0114,click,,272,2025-09-27T16:03:43
i_000085,u_0005,p_0118,checkin,2.9,,2025-07-28T00:16:43
i_000086,u_0006,p_0065,view,,168,2025-09-19T05:44:43
i_000087,u_0006,p_0017,view,,205,2025-08-16T01:13:43
i_000088,u_0006,p_0065,click,3.1,175,2025-10-07T14:55:43
i_000089,u_0006,p_0109,view,,186,2025-07-07T19:43:43
i_000090,u_0006,p_0015,view,,252,2025-07-13T17:24:43
i_000091,u_0006,p_0058,checkin,,,2025-10-12T06:11:43
i_000092,u_0006,p_0012,view,,315,2025-10-18T15:48:43
i_000093,u_0006,p_0002,click,4.3,212,2025-09-13T23:21:43
i_000094,u_0006,p_0059,checkin,,,2025-07-19T00:56:43
i_000095,u_0006,p_0010,view,,137,2025-08-29T20:19:43
i_000096,u_0006,p_0112,view,,273,2025-08-09T05:51:43
i_000097,u_0006,p_0114,click,4.5,222,2025-08-07T14:04:43
i_000098,u_0006,p_0003,view,,293,2025-10-12T14:46:43
i_000099,u_0006,p_0110,click,3.0,161,2025-07-13T00:25:43
i_000100,u_0006,p_0108,view,,279,2025-09-28T09:09:43
i_000101,u_0006,p_0010,view,,77,2025-10-02T12:56:43
i_000102,u_0006,p_0015,checkin,,,2025-07-19T03:31:43
i_000103,u_0006,p_0106,save,,,2025-07-26T22:47:43
i_000104,u_0006,p_0013,click,,336,2025-09-26T12:25:43
i_000105,u_0006,p_0047,save,4.3,,2025-07-12T16:24:43
i_000106,u_0006,p_0060,view,,178,2025-07-17T08:29:43
i_000107,u_0006,p_0058,view,,99,2025-10-17T11:46:43
i_000108,u_0006,p_0119,click,,195,2025-07-29T19:39:43
i_000109,u_0006,p_0008,view,,324,2025-09-19T14:40:43
i_000110,u_0006,p_0007,view,,288,2025-09-16T10:04:43
i_000111,u_0006,p_0016,view,,258,2025-10-08T06:05:43
i_000112,u_0006,p_0108,view,,307,2025-07-30T10:14:43
i_000113,u_0006,p_0046,view,,211,2025-09-19T00:44:43
i_000114,u_0006,p_0009,view,,138,2025-08-11T06:01:43
i_000115,u_0006,p_0067,click,,259,2025-09-13T12:18:43
i_000116,u_0007,p_0052,view,,52,2025-09-09T02:16:43
i_000117,u_0007,p_0114,save,3.9,,2025-10-05T19:49:43
i_000118,u_0007,p_0016,click,5.0,323,2025-08-24T08:54:43
i_000119,u_0007,p_0067,save,3.5,,2025-10-07T15:11:43
i_000120,u_0007,p_0113,click,,281,2025-10-09T20:28:43
i_000121,u_0007,p_0107,save,5.0,,2025-10-25T19:42:43
i_000122,u_0007,p_0004,click,4.6,337,2025-10-31T03:55:43
i_000123,u_0007,p_0005,checkin,3.9,,2025-09-21T14:32:43
i_000124,u_0007,p_0015,view,,409,2025-07-22T05:22:43
i_000125,u_0007,p_0004,view,,161,2025-08-12T10:09:43
i_000126,u_0007,p_0053,checkin,4.3,,2025-07-12T07:55:43
i_000127,u_0007,p_0115,click,,231,2025-09-06T17:27:43
i_000128,u_0007,p_0050,click,3.6,118,2025-10-28T03:32:43
i_000129,u_0007,p_0018,view,,59,2025-10-28T11:20:43
i_000130,u_0007,p_0116,save,,,2025-07-09T07:09:43
i_000131,u_0007,p_0047,view,,294,2025-10-19T12:39:43
i_000132,u_0007,p_0001,click,,238,2025-10-12T10:22:43
i_000133,u_0007,p_0043,click,4.6,161,2025-07-19T17:34:43
i_000134,u_0007,p_0111,checkin,3.3,,2025-09-18T18:23:43
i_000135,u_0008,p_0105,view,,222,2025-07-17T15:19:43
i_000136,u_0008,p_0104,click,,294,2025-10-21T08:10:43
i_000137,u_0008,p_0101,view,,319,2025-10-21T08:57:43
i_000138,u_0008,p_0102,click,,180,2025-09-10T01:14:43
i_000139,u_0008,p_0057,checkin,4.2,,2025-10-08T17:26:43
i_000140,u_0008,p_0042,checkin,,,2025-07-08T19:58:43
i_000141,u_0008,p_0108,view,,303,2025-09-23T20:54:43
i_000142,u_0008,p_0041,view,,114,2025-09-04T22:01:43
i_000143,u_0008,p_0050,view,,216,2025-07-20T02:01:43
i_000144,u_0008,p_0010,view,,155,2025-10-18T01:47:43
i_000145,u_0008,p_0104,view,,265,2025-07-30T23:05:43
i_000146,u_0008,p_0047,click,4.1,114,2025-10-31T12:05:43
i_000147,u_0008,p_0014,click,3.2,161,2025-11-03T17:16:43
i_000148,u_0008,p_0007,view,,168,2025-09-02T21:49:43
i_000149,u_0008,p_0016,view,,326,2025-11-02T12:09:43
i_000150,u_0008,p_0001,view,,314,2025-09-28T16:09:43
i_000151,u_0008,p_0104,view,,269,2025-08-18T00:07:43
i_000152,u_0008,p_0104,click,5.0,93,2025-08-02T07:20:43
i_000153,u_0008,p_0107,view,,159,2025-07-14T22:53:43
i_000154,u_0008,p_0116,click,4.0,267,2025-08-22T03:14:43
i_000155,u_0008,p_0010,view,,207,2025-07-12T02:16:43
i_000156,u_0008,p_0116,click,,328,2025-07-13T20:20:43
i_000157,u_0008,p_0047,view,,222,2025-08-26T07:42:43
i_000158,u_0009,p_0114,checkin,4.7,,2025-08-25T23:05:43
i_000159,u_0009,p_0063,view,,159,2025-09-23T07:50:43
i_000160,u_0009,p_0012,view,,339,2025-08-10T17:08:43
i_000161,u_0009,p_0001,click,4.2,193,2025-08-02T00:49:43
i_000162,u_0009,p_0017,view,,359,2025-11-04T19:59:43
i_000163,u_0009,p_0007,view,,162,2025-09-02T22:36:43
i_000164,u_0009,p_0119,click,4.3,315,2025-10-25T06:59:43
i_000165,u_0009,p_0049,click,4.6,235,2025-10-18T17:13:43
i_000166,u_0009,p_0003,click,2.6,146,2025-10-01T16:15:43
i_000167,u_0009,p_0050,click,2.6,183,2025-10-31T09:18:43
i_000168,u_0009,p_0006,save,4.9,,2025-09-12T05:55:43
i_000169,u_0009,p_0063,view,,138,2025-10-27T01:36:43
i_000170,u_0009,p_0009,click,2.8,285,2025-07-20T19:58:43
i_000171,u_0009,p_0103,click,,151,2025-08-15T10:46:43
i_000172,u_0009,p_0018,save,,,2025-08-12T12:47:43
i_000173,u_0009,p_0107,view,,112,2025-08-03T19:13:43
i_000174,u_0009,p_0013,save,,,2025-10-14T13:38:43
i_000175,u_0009,p_0045,view,,213,2025-08-06T10:28:43
i_000176,u_0009,p_0008,checkin,4.5,,2025-08-31T20:09:43
i_000177,u_0009,p_0011,view,,149,2025-08-14T21:47:43
i_000178,u_0010,p_0103,checkin,,,2025-10-27T20:20:43
i_000179,u_0010,p_0011,view,,242,2025-09-30T05:11:43
i_000180,u_0010,p_0104,view,,280,2025-08-18T18:41:43
i_000181,u_0010,p_0014,click,,20,2025-08-17T21:22:43
i_000182,u_0010,p_0110,click,,346,2025-09-11T03:41:43
i_000183,u_0010,p_0014,view,,323,2025-08-01T16:54:43
i_000184,u_0010,p_0011,view,,268,2025-09-02T20:31:43
i_000185,u_0010,p_0108,click,4.6,319,2025-09-21T16:29:43
i_000186,u_0010,p_0017,save,5.0,,2025-10-07T09:49:43
i_000187,u_0010,p_0007,click,3.5,367,2025-10-17T01:03:43
i_000188,u_0010,p_0108,view,,513,2025-10-01T19:19:43
i_000189,u_0010,p_0006,view,,238,2025-10-01T19:41:43
i_000190,u_0010,p_0007,checkin,3.9,,2025-07-10T15:32:43
i_000191,u_0010,p_0006,view,,412,2025-08-28T22:51:43
i_000192,u_0010,p_0119,view,,191,2025-09-07T16:09:43
i_000193,u_0010,p_0046,view,,52,2025-10-09T00:59:43
i_000194,u_0010,p_0015,view,,251,2025-10-23T18:56:43
i_000195,u_0010,p_0119,view,,270,2025-07-31T17:57:43
i_000196,u_0010,p_0050,view,,84,2025-10-10T23:07:43
i_000197,u_0010,p_0119,view,,256,2025-09-25T05:26:43
i_000198,u_0010,p_0051,view,,108,2025-09-21T07:57:43
i_000199,u_0010,p_0006,save,,,2025-08-29T04:17:43
i_000200,u_0010,p_0011,view,,153,2025-10-06T01:32:43
i_000201,u_0010,p_0006,checkin,4.4,,2025-09-11T01:47:43
i_000202,u_0010,p_0018,view,,215,2025-08-16T23:39:43
i_000203,u_0010,p_0101,click,,371,2025-07-13T08:53:43
i_000204,u_0010,p_0108,click,,349,2025-08-30T15:18:43
i_000205,u_0011,p_0105,save,4.4,,2025-10-17T11:55:43
i_000206,u_0011,p_0103,checkin,,,2025-08-22T17:31:43
i_000207,u_0011,p_0005,view,,387,2025-07-29T21:28:43
i_000208,u_0011,p_0010,click,3.2,34,2025-09-11T14:00:43
i_000209,u_0011,p_0011,view,,332,2025-10-04T15:55:43
i_000210,u_0011,p_0043,view,,359,2025-10-02T02:46:43
i_000211,u_0011,p_0062,click,,104,2025-09-12T01:54:43
i_000212,u_0011,p_0001,save,4.3,,2025-07-23T21:15:43
i_000213,u_0011,p_0017,click,,233,2025-10-31T14:45:43
i_000214,u_0011,p_0110,click,4.0,371,2025-08-24T02:05:43
i_000215,u_0011,p_0108,view,,445,2025-10-26T18:05:43
i_000216,u_0011,p_0058,click,,204,2025-10-10T09:36:43
i_000217,u_0011,p_0106,click,,198,2025-07-17T06:31:43
i_000218,u_0011,p_0106,checkin,4.4,,2025-09-28T17:16:43
i_000219,u_0011,p_0107,save,,,2025-08-24T03:43:43
i_000220,u_0011,p_0116,view,,217,2025-07-15T11:14:43
i_000221,u_0011,p_0103,view,,433,2025-10-24T19:13:43
i_000222,u_0011,p_0017,view,,290,2025-09-19T20:03:43
i_000223,u_0011,p_0005,view,,247,2025-09-11T07:17:43
i_000224,u_0011,p_0105,click,3.4,321,2025-09-27T21:41:43
i_000225,u_0012,p_0014,view,,231,2025-09-05T20:34:43
i_000226,u_0012,p_0005,click,,291,2025-08-11T00:39:43
i_000227,u_0012,p_0011,save,5.0,,2025-08-12T14:43:43
i_000228,u_0012,p_0019,view,,274,2025-10-06T17:52:43
i_000229,u_0012,p_0113,checkin,,,2025-08-12T03:03:43
i_000230,u_0012,p_0051,view,,71,2025-09-28T09:52:43
i_000231,u_0012,p_0005,save,3.4,,2025-08-04T06:54:43
i_000232,u_0012,p_0116,click,3.6,74,2025-09-13T05:41:43
i_000233,u_0012,p_0013,view,,361,2025-10-24T22:06:43
i_000234,u_0012,p_0110,view,,276,2025-09-16T08:18:43
i_000235,u_0012,p_0003,click,3.8,73,2025-09-02T23:27:43
i_000236,u_0012,p_0014,save,,,2025-09-16T14:53:43
i_000237,u_0012,p_0046,checkin,,,2025-09-22T18:07:43
i_000238,u_0012,p_0017,click,5.0,229,2025-08-06T19:55:43
i_000239,u_0012,p_0004,view,,189,2025-10-16T17:22:43
i_000240,u_0012,p_0019,click,3.8,264,2025-07-24T17:58:43
i_000241,u_0012,p_0043,checkin,3.6,,2025-08-25T06:57:43
i_000242,u_0013,p_0101,view,,181,2025-07-09T20:40:43
i_000243,u_0013,p_0043,save,,,2025-09-29T03:47:43
i_000244,u_0013,p_0007,view,,53,2025-08-20T16:01:43
i_000245,u_0013,p_0017,view,,258,2025-08-26T02:54:43
i_000246,u_0013,p_0011,view,,169,2025-09-29T06:03:43
i_000247,u_0013,p_0005,click,3.9,258,2025-09-27T23:46:43
i_000248,u_0013,p_0113,view,,135,2025-09-20T11:06:43
i_000249,u_0013,p_0050,click,2.7,204,2025-08-22T23:58:43
i_000250,u_0013,p_0012,view,,291,2025-09-19T04:48:43
i_000251,u_0013,p_0054,view,,119,2025-07-28T07:50:43
i_000252,u_0013,p_0119,save,,,2025-10-05T11:19:43
i_000253,u_0013,p_0001,view,,288,2025-07-12T14:50:43
i_000254,u_0013,p_0113,save,,,2025-10-03T16:59:43
i_000255,u_0013,p_0055,view,,315,2025-08-23T16:48:43
i_000256,u_0013,p_0101,save,,,2025-10-08T21:45:43
i_000257,u_0013,p_0067,view,,290,2025-09-25T06:39:43
i_000258,u_0013,p_0101,save,4.0,,2025-09-05T19:10:43
i_000259,u_0013,p_0008,view,,329,2025-07-10T23:12:43
i_000260,u_0013,p_0110,click,,338,2025-10-08T00:16:43
i_000261,u_0013,p_0107,click,2.9,299,2025-08-15T06:40:43
i_000262,u_0013,p_0050,view,,111,2025-09-11T11:38:43
i_000263,u_0013,p_0050,view,,177,2025-08-21T19:42:43
i_000264,u_0013,p_0005,view,,297,2025-09-20T21:45:43
i_000265,u_0013,p_0006,view,,240,2025-07-30T06:35:43
i_000266,u_0013,p_0101,save,5.0,,2025-10-29T09:59:43
i_000267,u_0013,p_0105,click,4.7,246,2025-08-07T18:26:43
i_000268,u_0013,p_0019,save,,,2025-07-07T23:29:43
i_000269,u_0013,p_0110,view,,276,2025-10-30T23:08:43
i_000270,u_0013,p_0109,click,3.4,117,2025-08-29T05:26:43
i_000271,u_0013,p_0063,save,4.1,,2025-07-11T18:51:43
i_000272,u_0014,p_0108,click,4.1,258,2025-10-16T18:47:43
i_000273,u_0014,p_0062,view,,153,2025-09-07T08:16:43
i_000274,u_0014,p_0019,click,4.2,251,2025-09-20T17:15:43
i_000275,u_0014,p_0046,checkin,3.8,,2025-11-04T17:07:43
i_000276,u_0014,p_0062,view,,140,2025-08-22T12:13:43
i_000277,u_0014,p_0103,view,,118,2025-10-16T14:00:43
i_000278,u_0014,p_0007,click,3.9,95,2025-08-27T21:39:43
i_000279,u_0014,p_0005,click,,294,2025-09-02T10:04:43
i_000280,u_0014,p_0015,save,4.4,,2025-10-03T03:02:43
i_000281,u_0014,p_0019,click,3.4,99,2025-07-28T10:12:43
i_000282,u_0014,p_0058,view,,165,2025-09-28T05:28:43
i_000283,u_0014,p_0106,click,3.9,221,2025-09-08T07:57:43
i_000284,u_0014,p_0112,view,,343,2025-07-16T23:47:43
i_000285,u_0014,p_0065,view,,95,2025-09-18T18:01:43
i_000286,u_0014,p_0102,view,,310,2025-09-02T00:16:43
i_000287,u_0014,p_0053,save,,,2025-07-11T11:26:43
i_000288,u_0014,p_0101,view,,226,2025-08-29T06:56:43
i_000289,u_0014,p_0049,view,,91,2025-08-26T08:28:43
i_000290,u_0014,p_0108,save,5.0,,2025-10-27T00:23:43
i_000291,u_0014,p_0057,view,,317,2025-10-18T04:45:43
i_000292,u_0015,p_0040,view,,232,2025-07-08T03:53:43
i_000293,u_0015,p_0007,save,3.4,,2025-08-22T19:19:43
i_000294,u_0015,p_0011,view,,378,2025-08-02T09:47:43
i_000295,u_0015,p_0107,click,,208,2025-08-13T23:39:43
i_000296,u_0015,p_0011,view,,219,2025-08-23T20:51:43
i_000297,u_0015,p_0002,view,,213,2025-10-07T17:48:43
i_000298,u_0015,p_0105,checkin,,,2025-10-05T08:09:43
i_000299,u_0015,p_0113,view,,290,2025-07-13T23:57:43
i_000300,u_0015,p_0006,view,,272,2025-08-16T12:14:43
i_000301,u_0015,p_0111,view,,279,2025-07-26T18:16:43
i_000302,u_0015,p_0056,click,3.5,155,2025-10-31T17:39:43
i_000303,u_0015,p_0001,click,,343,2025-08-16T16:43:43
i_000304,u_0015,p_0107,view,,259,2025-09-05T21:10:43
i_000305,u_0015,p_0101,save,,,2025-08-03T12:10:43
i_000306,u_0015,p_0117,click,,264,2025-07-08T20:28:43
i_000307,u_0015,p_0014,save,3.8,,2025-07-15T20:14:43
i_000308,u_0015,p_0003,view,,289,2025-08-15T12:04:43
i_000309,u_0015,p_0104,click,,202,2025-10-05T23:13:43
i_000310,u_0016,p_0042,checkin,,,2025-10-28T09:19:43
i_000311,u_0016,p_0112,click,4.2,136,2025-07-08T19:46:43
i_000312,u_0016,p_0004,view,,178,2025-08-15T19:49:43
i_000313,u_0016,p_0062,click,3.0,140,2025-08-06T06:59:43
i_000314,u_0016,p_0014,view,,288,2025-09-14T01:53:43
i_000315,u_0016,p_0101,view,,145,2025-08-30T09:27:43
i_000316,u_0016,p_0006,view,,349,2025-09-19T22:07:43
i_000317,u_0016,p_0117,click,3.4,80,2025-07-07T22:49:43
i_000318,u_0016,p_0106,checkin,4.7,,2025-09-02T16:59:43
i_000319,u_0016,p_0059,click,,281,2025-08-17T10:02:43
i_000320,u_0016,p_0101,view,,200,2025-08-05T16:26:43
i_000321,u_0016,p_0005,click,,327,2025-10-20T11:06:43
i_000322,u_0016,p_0006,view,,374,2025-07-20T03:51:43
i_000323,u_0016,p_0008,view,,313,2025-10-16T05:44:43
i_000324,u_0016,p_0108,save,4.8,,2025-10-28T13:13:43
i_000325,u_0016,p_0016,view,,298,2025-11-01T17:15:43
i_000326,u_0016,p_0045,save,4.2,,2025-10-24T19:28:43
i_000327,u_0016,p_0066,view,,274,2025-09-22T21:32:43
i_000328,u_0016,p_0053,save,3.6,,2025-10-07T08:19:43
i_000329,u_0016,p_0013,view,,197,2025-10-22T04:18:43
i_000330,u_0016,p_0060,view,,242,2025-08-31T12:26:43
i_000331,u_0016,p_0107,view,,111,2025-08-29T05:04:43
i_000332,u_0016,p_0050,view,,172,2025-08-24T17:58:43
i_000333,u_0017,p_0055,view,,227,2025-09-06T08:28:43
i_000334,u_0017,p_0105,checkin,3.6,,2025-07-25T06:31:43
i_000335,u_0017,p_0008,view,,171,2025-07-14T22:36:43
i_000336,u_0017,p_0008,view,,211,2025-08-28T07:48:43
i_000337,u_0017,p_0114,view,,209,2025-09-16T18:34:43
i_000338,u_0017,p_0110,view,,312,2025-08-07T13:32:43
i_000339,u_0017,p_0113,click,3.9,41,2025-09-28T08:15:43
i_000340,u_0017,p_0008,click,,290,2025-08-07T17:31:43
i_000341,u_0017,p_0017,click,,314,2025-07-18T06:42:43
i_000342,u_0017,p_0008,view,,87,2025-08-26T13:43:43
i_000343,u_0017,p_0065,view,,76,2025-08-10T05:53:43
i_000344,u_0017,p_0019,click,,281,2025-07-13T22:34:43
i_000345,u_0017,p_0112,save,,,2025-07-21T01:49:43
i_000346,u_0017,p_0005,view,,381,2025-08-24T13:14:43
i_000347,u_0017,p_0012,view,,115,2025-08-25T15:22:43
i_000348,u_0017,p_0014,save,,,2025-09-10T20:53:43
i_000349,u_0017,p_0113,view,,101,2025-09-24T22:06:43
i_000350,u_0017,p_0007,view,,244,2025-09-08T19:36:43
i_000351,u_0018,p_0112,view,,189,2025-09-20T00:46:43
i_000352,u_0018,p_0055,click,5.0,270,2025-10-03T11:06:43
i_000353,u_0018,p_0004,click,4.0,142,2025-11-05T14:30:43
i_000354,u_0018,p_0046,click,,219,2025-08-15T09:00:43
i_000355,u_0018,p_0008,checkin,,,2025-10-28T03:45:43
i_000356,u_0018,p_0040,checkin,,,2025-10-13T18:01:43
i_000357,u_0018,p_0107,save,,,2025-09-13T09:10:43
i_000358,u_0018,p_0012,click,2.8,278,2025-08-04T17:40:43
i_000359,u_0018,p_0104,view,,233,2025-08-09T22:21:43
i_000360,u_0018,p_0047,checkin,,,2025-10-11T12:51:43
i_000361,u_0018,p_0049,click,,235,2025-09-13T03:36:43
i_000362,u_0018,p_0017,view,,291,2025-08-04T10:54:43
i_000363,u_0018,p_0103,click,3.7,92,2025-08-15T16:07:43
i_000364,u_0018,p_0014,view,,229,2025-11-01T13:01:43
i_000365,u_0018,p_0065,click,3.7,261,2025-10-04T00:01:43
i_000366,u_0019,p_0106,checkin,4.1,,2025-08-15T17:00:43
i_000367,u_0019,p_0116,view,,254,2025-11-01T23:20:43
i_000368,u_0019,p_0018,save,3.2,,2025-09-22T13:25:43
i_000369,u_0019,p_0102,click,,127,2025-09-22T14:07:43
i_000370,u_0019,p_0101,click,,185,2025-07-15T03:55:43
i_000371,u_0019,p_0051,click,3.2,149,2025-10-29T19:56:43
i_000372,u_0019,p_0006,checkin,4.4,,2025-07-29T07:50:43
i_000373,u_0019,p_0112,view,,310,2025-10-09T17:02:43
i_000374,u_0019,p_0007,click,3.8,209,2025-08-21T01:20:43
i_000375,u_0019,p_0108,click,4.5,286,2025-10-20T05:52:43
i_000376,u_0019,p_0016,view,,225,2025-10-23T18:12:43
i_000377,u_0019,p_0008,view,,379,2025-08-20T01:04:43
i_000378,u_0019,p_0104,save,5.0,,2025-07-10T20:00:43
i_000379,u_0019,p_0103,checkin,,,2025-07-19T06:25:43
i_000380,u_0019,p_0102,checkin,4.3,,2025-09-15T00:25:43
i_000381,u_0019,p_0047,checkin,,,2025-09-10T12:54:43
i_000382,u_0019,p_0013,view,,94,2025-08-20T09:42:43
i_000383,u_0019,p_0017,view,,319,2025-08-14T08:11:43
i_000384,u_0019,p_0009,view,,102,2025-07-15T10:44:43
i_000385,u_0019,p_0003,view,,235,2025-07-15T12:00:43
i_000386,u_0019,p_0007,view,,308,2025-10-16T13:23:43
i_000387,u_0019,p_0007,save,,,2025-10-27T22:47:43
i_000388,u_0019,p_0116,view,,232,2025-09-24T03:19:43
i_000389,u_0019,p_0056,click,2.5,249,2025-07-09T16:09:43
i_000390,u_0019,p_0065,click,4.5,153,2025-10-27T13:55:43
i_000391,u_0019,p_0012,view,,171,2025-08-14T07:00:43
i_000392,u_0020,p_0007,save,,,2025-10-10T15:32:43
i_000393,u_0020,p_0019,click,4.9,94,2025-09-28T07:32:43
i_000394,u_0020,p_0014,view,,183,2025-07-28T21:26:43
i_000395,u_0020,p_0008,view,,270,2025-10-16T02:51:43
i_000396,u_0020,p_0119,view,,150,2025-10-28T18:04:43
i_000397,u_0020,p_0047,save,,,2025-10-31T01:15:43
i_000398,u_0020,p_0113,view,,273,2025-08-28T00:56:43
i_000399,u_0020,p_0011,save,4.8,,2025-08-27T01:10:43
i_000400,u_0020,p_0055,save,4.2,,2025-10-03T10:09:43
i_000401,u_0020,p_0015,click,,388,2025-07-08T18:16:43
i_000402,u_0020,p_0007,view,,312,2025-10-21T01:24:43
i_000403,u_0020,p_0106,view,,192,2025-10-05T03:59:43
i_000404,u_0020,p_0007,save,3.8,,2025-10-11T06:26:43
i_000405,u_0020,p_0013,view,,218,2025-08-19T22:15:43
i_000406,u_0020,p_0046,view,,118,2025-08-08T00:52:43
i_000407,u_0020,p_0015,click,,124,2025-07-21T21:40:43
i_000408,u_0020,p_0106,save,,,2025-09-14T09:49:43
i_000409,u_0020,p_0009,checkin,,,2025-07-28T06:23:43
i_000410,u_0020,p_0041,click,2.8,134,2025-09-20T23:36:43
i_000411,u_0020,p_0043,view,,190,2025-08-08T20:21:43
i_000412,u_0020,p_0062,save,4.5,,2025-08-15T16:14:43
i_000413,u_0020,p_0017,view,,296,2025-08-25T13:39:43
i_000414,u_0020,p_0048,view,,341,2025-07-12T07:53:43
i_000415,u_0020,p_0061,view,,185,2025-10-21T19:21:43
i_000416,u_0020,p_0011,checkin,4.3,,2025-08-17T14:56:43
i_000417,u_0020,p_0106,view,,316,2025-07-31T02:16:43
i_000418,u_0020,p_0060,view,,127,2025-10-28T05:46:43
i_000419,u_0021,p_0115,checkin,,,2025-07-09T03:39:43
i_000420,u_0021,p_0112,view,,257,2025-08-04T02:29:43
i_000421,u_0021,p_0012,view,,295,2025-08-25T06:59:43
i_000422,u_0021,p_0007,view,,248,2025-10-21T04:26:43
i_000423,u_0021,p_0049,view,,197,2025-08-01T21:55:43
i_000424,u_0021,p_0006,view,,250,2025-09-08T02:52:43
i_000425,u_0021,p_0012,click,4.6,194,2025-08-31T04:02:43
i_000426,u_0021,p_0117,view,,202,2025-10-19T05:51:43
i_000427,u_0021,p_0116,checkin,,,2025-08-24T14:22:43
i_000428,u_0021,p_0055,view,,233,2025-08-17T15:19:43
i_000429,u_0021,p_0018,click,4.4,79,2025-10-25T12:04:43
i_000430,u_0021,p_0056,click,4.9,113,2025-09-25T23:12:43
i_000431,u_0021,p_0056,save,,,2025-07-31T02:49:43
i_000432,u_0021,p_0103,view,,365,2025-10-20T06:48:43
i_000433,u_0021,p_0004,view,,301,2025-08-31T00:35:43
i_000434,u_0021,p_0002,view,,161,2025-08-31T17:45:43
i_000435,u_0021,p_0017,save,,,2025-07-23T03:25:43
i_000436,u_0021,p_0049,save,,,2025-07-18T11:41:43
i_000437,u_0021,p_0050,view,,223,2025-09-10T13:01:43
i_000438,u_0021,p_0060,view,,136,2025-08-24T08:50:43
i_000439,u_0021,p_0017,save,5.0,,2025-07-20T06:39:43
i_000440,u_0021,p_0113,view,,240,2025-09-03T00:06:43
i_000441,u_0021,p_0106,view,,188,2025-07-15T11:26:43
i_000442,u_0021,p_0105,view,,222,2025-08-14T19:53:43
i_000443,u_0021,p_0061,click,2.5,280,2025-09-24T00:49:43
i_000444,u_0021,p_0058,view,,235,2025-09-07T16:14:43
i_000445,u_0021,p_0006,view,,278,2025-09-07T13:55:43
i_000446,u_0021,p_0017,view,,276,2025-10-10T22:56:43
i_000447,u_0021,p_0017,click,4.9,235,2025-10-08T21:06:43
i_000448,u_0021,p_0102,click,3.3,180,2025-08-13T03:19:43
i_000449,u_0022,p_0057,checkin,3.2,,2025-10-21T06:20:43
i_000450,u_0022,p_0101,view,,372,2025-07-12T14:32:43
i_000451,u_0022,p_0101,view,,268,2025-07-21T12:32:43
i_000452,u_0022,p_0064,view,,235,2025-10-06T07:49:43
i_000453,u_0022,p_0040,save,4.4,,2025-09-22T04:01:43
i_000454,u_0022,p_0047,view,,315,2025-07-29T05:40:43
i_000455,u_0022,p_0106,view,,222,2025-08-09T18:34:43
i_000456,u_0022,p_0004,view,,141,2025-08-24T19:21:43
i_000457,u_0022,p_0056,view,,318,2025-08-30T04:54:43
i_000458,u_0022,p_0108,view,,152,2025-11-01T00:25:43
i_000459,u_0022,p_0118,save,,,2025-10-08T06:29:43
i_000460,u_0022,p_0019,view,,53,2025-10-08T06:23:43
i_000461,u_0022,p_0067,view,,121,2025-10-19T15:53:43
i_000462,u_0022,p_0005,click,,262,2025-09-23T12:19:43
i_000463,u_0022,p_0114,view,,363,2025-11-04T02:42:43
i_000464,u_0022,p_0109,save,3.2,,2025-07-24T15:18:43
i_000465,u_0022,p_0010,view,,168,2025-09-26T01:41:43
i_000466,u_0022,p_0002,view,,56,2025-07-21T08:28:43
i_000467,u_0022,p_0001,view,,315,2025-09-21T15:00:43
i_000468,u_0022,p_0007,view,,280,2025-10-03T14:32:43
i_000469,u_0022,p_0055,view,,379,2025-09-23T01:24:43
i_000470,u_0022,p_0116,view,,296,2025-09-24T10:31:43
i_000471,u_0022,p_0110,save,3.9,,2025-09-28T03:26:43
i_000472,u_0022,p_0004,save,,,2025-10-10T14:33:43
i_000473,u_0022,p_0104,view,,210,2025-07-25T01:28:43
i_000474,u_0022,p_0001,view,,205,2025-09-30T07:39:43
i_000475,u_0022,p_0044,view,,291,2025-07-08T14:52:43
i_000476,u_0022,p_0015,save,4.3,,2025-09-14T10:05:43
i_000477,u_0022,p_0011,click,4.2,115,2025-10-07T02:26:43
i_000478,u_0022,p_0058,save,3.7,,2025-10-02T00:12:43
i_000479,u_0023,p_0060,checkin,4.1,,2025-09-19T17:01:43
i_000480,u_0023,p_0007,click,3.5,202,2025-09-04T05:25:43
i_000481,u_0023,p_0105,view,,161,2025-10-30T17:12:43
i_000482,u_0023,p_0055,click,5.0,185,2025-10-06T16:39:43
i_000483,u_0023,p_0011,click,4.5,282,2025-07-16T17:07:43
i_000484,u_0023,p_0016,view,,250,2025-08-29T01:20:43
i_000485,u_0023,p_0107,view,,245,2025-10-24T04:40:43
i_000486,u_0023,p_0108,save,,,2025-10-24T06:06:43
i_000487,u_0023,p_0119,click,4.6,220,2025-07-26T18:33:43
i_000488,u_0023,p_0016,save,4.0,,2025-09-28T02:56:43
i_000489,u_0023,p_0001,save,,,2025-08-31T15:37:43
i_000490,u_0023,p_0013,click,,247,2025-08-20T23:32:43
i_000491,u_0023,p_0005,save,4.4,,2025-10-20T05:30:43
i_000492,u_0023,p_0067,checkin,4.0,,2025-08-25T09:21:43
i_000493,u_0023,p_0005,save,,,2025-10-21T17:50:43
i_000494,u_0023,p_0064,view,,240,2025-07-15T04:30:43
i_000495,u_0023,p_0055,view,,108,2025-07-13T18:06:43
i_000496,u_0023,p_0010,save,,,2025-10-01T15:04:43
i_000497,u_0023,p_0119,click,,158,2025-10-28T22:31:43
i_000498,u_0023,p_0004,click,3.8,214,2025-09-10T02:15:43
i_000499,u_0023,p_0056,view,,260,2025-10-22T22:34:43
i_000500,u_0023,p_0060,view,,138,2025-09-07T13:39:43
i_000501,u_0023,p_0106,view,,251,2025-10-01T23:47:43
i_000502,u_0023,p_0012,click,3.8,249,2025-09-17T03:58:43
i_000503,u_0023,p_0002,view,,79,2025-09-11T12:52:43
i_000504,u_0023,p_0106,view,,254,2025-11-02T17:32:43
i_000505,u_0023,p_0064,save,4.6,,2025-08-07T10:18:43
i_000506,u_0024,p_0019,checkin,4.3,,2025-08-07T05:48:43
i_000507,u_0024,p_0017,checkin,4.5,,2025-11-03T13:25:43
i_000508,u_0024,p_0019,checkin,,,2025-07-21T15:48:43
i_000509,u_0024,p_0106,view,,300,2025-10-05T13:40:43
i_000510,u_0024,p_0115,view,,61,2025-07-17T08:55:43
i_000511,u_0024,p_0044,view,,201,2025-09-30T18:53:43
i_000512,u_0024,p_0119,view,,218,2025-08-02T05:41:43
i_000513,u_0024,p_0106,checkin,,,2025-08-29T21:48:43
i_000514,u_0024,p_0007,click,,288,2025-10-19T13:14:43
i_000515,u_0024,p_0008,checkin,3.6,,2025-10-07T18:23:43
i_000516,u_0024,p_0065,checkin,,,2025-07-21T03:36:43
i_000517,u_0024,p_0115,click,4.3,194,2025-08-10T14:34:43
i_000518,u_0024,p_0042,click,,294,2025-07-21T16:28:43
i_000519,u_0024,p_0005,view,,327,2025-08-31T17:42:43
i_000520,u_0024,p_0115,click,,161,2025-08-10T02:36:43
i_000521,u_0024,p_0015,click,,148,2025-08-09T04:07:43
i_000522,u_0024,p_0055,view,,241,2025-10-28T04:44:43
i_000523,u_0024,p_0104,click,3.4,194,2025-07-08T11:21:43
i_000524,u_0024,p_0107,view,,314,2025-08-09T23:45:43
i_000525,u_0024,p_0051,view,,165,2025-11-05T04:32:43
i_000526,u_0024,p_0012,view,,188,2025-10-07T13:16:43
i_000527,u_0024,p_0114,checkin,,,2025-08-22T12:47:43
i_000528,u_0024,p_0107,save,,,2025-08-06T22:19:43
i_000529,u_0024,p_0008,click,,226,2025-09-21T15:09:43
i_000530,u_0024,p_0064,click,2.3,298,2025-10-29T19:55:43
i_000531,u_0024,p_0004,checkin,,,2025-08-20T01:39:43
i_000532,u_0024,p_0050,view,,59,2025-07-11T03:01:43
i_000533,u_0024,p_0109,save,,,2025-08-19T21:20:43
i_000534,u_0024,p_0051,save,,,2025-09-20T16:30:43
i_000535,u_0025,p_0057,click,,137,2025-08-22T10:36:43
i_000536,u_0025,p_0009,view,,39,2025-08-21T11:01:43
i_000537,u_0025,p_0017,save,,,2025-08-07T16:55:43
i_000538,u_0025,p_0104,view,,253,2025-09-22T15:54:43
i_000539,u_0025,p_0060,view,,109,2025-10-01T14:46:43
i_000540,u_0025,p_0114,save,3.1,,2025-08-02T04:43:43
i_000541,u_0025,p_0005,view,,261,2025-08-21T01:03:43
i_000542,u_0025,p_0004,view,,247,2025-10-31T06:51:43
i_000543,u_0025,p_0004,checkin,4.2,,2025-08-30T08:16:43
i_000544,u_0025,p_0017,view,,299,2025-08-30T08:04:43
i_000545,u_0025,p_0119,save,4.5,,2025-09-04T00:51:43
i_000546,u_0025,p_0055,view,,375,2025-08-29T06:26:43
i_000547,u_0025,p_0049,view,,116,2025-07-14T07:38:43
i_000548,u_0025,p_0101,save,,,2025-08-21T12:35:43
i_000549,u_0025,p_0107,view,,298,2025-09-18T16:08:43
i_000550,u_0025,p_0064,view,,150,2025-08-02T13:37:43
i_000551,u_0025,p_0106,save,4.8,,2025-08-19T11:38:43
i_000552,u_0025,p_0107,click,,182,2025-08-20T03:22:43
i_000553,u_0025,p_0059,view,,36,2025-09-26T01:13:43
i_000554,u_0025,p_0057,view,,286,2025-09-10T04:38:43
i_000555,u_0025,p_0056,view,,139,2025-08-12T17:14:43
i_000556,u_0025,p_0019,view,,344,2025-10-15T08:01:43
i_000557,u_0025,p_0101,click,4.9,119,2025-08-12T00:17:43
i_000558,u_0025,p_0113,save,,,2025-10-04T06:25:43
i_000559,u_0025,p_0017,click,,376,2025-09-05T13:58:43
i_000560,u_0026,p_0065,view,,198,2025-08-05T00:53:43
i_000561,u_0026,p_0110,view,,248,2025-07-27T13:27:43
i_000562,u_0026,p_0111,save,,,2025-08-04T01:36:43
i_000563,u_0026,p_0010,view,,38,2025-11-02T02:46:43
i_000564,u_0026,p_0109,view,,209,2025-08-14T01:30:43
i_000565,u_0026,p_0015,checkin,,,2025-10-22T06:44:43
i_000566,u_0026,p_0104,view,,324,2025-09-13T06:44:43
i_000567,u_0026,p_0011,save,4.4,,2025-09-14T00:57:43
i_000568,u_0026,p_0060,save,,,2025-08-09T08:08:43
i_000569,u_0026,p_0042,view,,280,2025-09-16T06:17:43
i_000570,u_0026,p_0055,view,,412,2025-11-05T14:25:43
i_000571,u_0026,p_0103,click,,176,2025-08-22T02:27:43
i_000572,u_0026,p_0104,view,,219,2025-07-12T15:45:43
i_000573,u_0026,p_0101,click,,285,2025-09-29T09:16:43
i_000574,u_0026,p_0019,view,,201,2025-11-03T12:36:43
i_000575,u_0026,p_0019,view,,145,2025-09-02T23:04:43
i_000576,u_0026,p_0040,view,,157,2025-08-27T07:11:43
i_000577,u_0026,p_0113,save,4.0,,2025-10-23T03:29:43
i_000578,u_0026,p_0007,view,,233,2025-08-18T01:27:43
i_000579,u_0027,p_0040,click,2.7,20,2025-08-09T18:18:43
i_000580,u_0027,p_0056,view,,182,2025-10-17T00:59:43
i_000581,u_0027,p_0006,checkin,,,2025-08-28T02:27:43
i_000582,u_0027,p_0067,save,,,2025-10-09T15:20:43
i_000583,u_0027,p_0016,view,,285,2025-10-31T16:34:43
i_000584,u_0027,p_0007,checkin,,,2025-07-18T06:28:43
i_000585,u_0027,p_0016,view,,237,2025-09-11T09:51:43
i_000586,u_0027,p_0006,save,4.1,,2025-09-21T00:11:43
i_000587,u_0027,p_0114,view,,136,2025-09-10T13:39:43
i_000588,u_0027,p_0112,click,4.4,283,2025-10-21T09:54:43
i_000589,u_0027,p_0060,view,,340,2025-07-27T09:30:43
i_000590,u_0027,p_0004,click,4.6,131,2025-10-05T19:02:43
i_000591,u_0027,p_0105,checkin,,,2025-10-08T11:23:43
i_000592,u_0027,p_0062,click,3.5,217,2025-08-27T14:58:43
i_000593,u_0027,p_0116,click,3.7,250,2025-10-30T01:23:43
i_000594,u_0027,p_0101,view,,118,2025-08-17T02:34:43
i_000595,u_0027,p_0018,click,,220,2025-10-06T12:26:43
i_000596,u_0027,p_0065,click,,84,2025-10-10T17:15:43
i_000597,u_0027,p_0053,view,,137,2025-10-26T05:39:43
i_000598,u_0027,p_0115,save,,,2025-09-13T13:49:43
i_000599,u_0027,p_0111,view,,249,2025-09-30T13:29:43
i_000600,u_0027,p_0109,click,,182,2025-07-25T22:22:43
i_000601,u_0028,p_0016,view,,200,2025-09-15T01:57:43
i_000602,u_0028,p_0043,view,,368,2025-07-17T11:47:43
i_000603,u_0028,p_0108,save,,,2025-07-15T11:37:43
i_000604,u_0028,p_0013,click,,200,2025-07-22T11:10:43
i_000605,u_0028,p_0114,view,,242,2025-10-29T02:42:43
i_000606,u_0028,p_0056,view,,134,2025-09-10T13:12:43
i_000607,u_0028,p_0019,view,,114,2025-07-30T07:42:43
i_000608,u_0028,p_0012,view,,217,2025-07-30T09:11:43
i_000609,u_0028,p_0104,click,3.3,191,2025-08-10T22:58:43
i_000610,u_0028,p_0015,click,4.4,193,2025-08-29T15:07:43
i_000611,u_0028,p_0042,view,,294,2025-10-26T04:00:43
i_000612,u_0028,p_0041,save,,,2025-07-19T05:01:43
i_000613,u_0028,p_0009,click,,107,2025-07-27T13:54:43
i_000614,u_0028,p_0113,click,,232,2025-08-10T02:44:43
i_000615,u_0028,p_0043,view,,199,2025-10-21T01:25:43
i_000616,u_0028,p_0017,click,5.0,323,2025-10-23T14:51:43
i_000617,u_0028,p_0052,view,,48,2025-09-09T23:47:43
i_000618,u_0028,p_0009,view,,81,2025-09-30T21:53:43
i_000619,u_0028,p_0015,checkin,4.4,,2025-08-28T16:29:43
i_000620,u_0028,p_0055,view,,297,2025-09-11T13:36:43
i_000621,u_0028,p_0005,click,4.0,78,2025-10-28T09:20:43
i_000622,u_0028,p_0104,view,,248,2025-08-26T06:04:43
i_000623,u_0028,p_0002,save,4.3,,2025-09-06T11:17:43
i_000624,u_0028,p_0106,view,,82,2025-11-02T14:39:43
i_000625,u_0029,p_0064,view,,338,2025-11-04T05:54:43
i_000626,u_0029,p_0109,view,,53,2025-10-12T22:18:43
i_000627,u_0029,p_0011,checkin,,,2025-09-30T17:52:43
i_000628,u_0029,p_0045,click,3.8,193,2025-10-11T08:43:43
i_000629,u_0029,p_0109,save,,,2025-07-14T00:08:43
i_000630,u_0029,p_0067,view,,218,2025-08-25T23:29:43
i_000631,u_0029,p_0060,view,,105,2025-08-15T16:11:43
i_000632,u_0029,p_0117,click,,179,2025-08-22T22:15:43
i_000633,u_0029,p_0043,view,,222,2025-10-24T10:41:43
i_000634,u_0029,p_0014,click,,227,2025-09-07T09:18:43
i_000635,u_0029,p_0067,view,,290,2025-07-09T16:37:43
i_000636,u_0029,p_0062,click,,301,2025-10-13T21:53:43
i_000637,u_0029,p_0106,checkin,,,2025-08-22T22:10:43
i_000638,u_0029,p_0106,view,,273,2025-08-19T23:12:43
i_000639,u_0029,p_0016,view,,365,2025-08-15T04:35:43
i_000640,u_0029,p_0018,view,,256,2025-07-17T09:48:43
i_000641,u_0029,p_0107,view,,188,2025-09-20T14:03:43
i_000642,u_0029,p_0047,view,,138,2025-07-25T00:12:43
i_000643,u_0029,p_0015,click,,316,2025-08-27T15:47:43
i_000644,u_0029,p_0015,view,,161,2025-07-27T23:52:43
i_000645,u_0029,p_0119,view,,209,2025-10-20T23:02:43
i_000646,u_0029,p_0056,view,,205,2025-10-23T08:29:43
i_000647,u_0029,p_0005,click,4.4,338,2025-09-08T02:19:43
i_000648,u_0029,p_0103,checkin,,,2025-08-09T09:47:43
i_000649,u_0029,p_0067,view,,176,2025-10-11T17:18:43
i_000650,u_0029,p_0019,click,3.8,349,2025-08-06T11:53:43
i_000651,u_0029,p_0052,click,,121,2025-08-18T02:00:43
i_000652,u_0030,p_0116,view,,267,2025-09-07T00:46:43
i_000653,u_0030,p_0016,click,5.0,168,2025-10-23T22:31:43
i_000654,u_0030,p_0101,checkin,,,2025-08-27T11:12:43
i_000655,u_0030,p_0008,view,,137,2025-07-31T03:59:43
i_000656,u_0030,p_0103,click,,290,2025-10-13T06:21:43
i_000657,u_0030,p_0106,checkin,4.7,,2025-09-22T22:20:43
i_000658,u_0030,p_0107,view,,222,2025-10-25T14:29:43
i_000659,u_0030,p_0103,view,,209,2025-07-31T18:36:43
i_000660,u_0030,p_0061,click,,36,2025-09-10T17:59:43
i_000661,u_0030,p_0015,click,,170,2025-08-27T05:48:43
i_000662,u_0030,p_0054,save,4.0,,2025-07-17T19:55:43
i_000663,u_0030,p_0110,click,4.1,313,2025-08-04T01:43:43
i_000664,u_0030,p_0002,view,,147,2025-08-31T22:08:43
i_000665,u_0030,p_0112,view,,368,2025-11-02T13:19:43
i_000666,u_0030,p_0116,save,5.0,,2025-08-25T01:16:43
i_000667,u_0030,p_0101,checkin,3.7,,2025-07-19T03:30:43
i_000668,u_0030,p_0102,click,4.7,200,2025-07-12T03:26:43
i_000669,u_0030,p_0065,click,3.6,275,2025-10-16T06:07:43
i_000670,u_0030,p_0007,view,,272,2025-07-17T13:51:43
i_000671,u_0031,p_0062,save,3.2,,2025-08-24T22:03:43
i_000672,u_0031,p_0013,view,,166,2025-08-20T20:13:43
i_000673,u_0031,p_0016,view,,182,2025-08-31T23:28:43
i_000674,u_0031,p_0107,checkin,5.0,,2025-09-22T07:59:43
i_000675,u_0031,p_0015,view,,399,2025-10-07T11:02:43
i_000676,u_0031,p_0002,view,,224,2025-09-21T21:34:43
i_000677,u_0031,p_0006,view,,348,2025-08-17T21:00:43
i_000678,u_0031,p_0016,click,,235,2025-10-14T09:51:43
i_000679,u_0031,p_0049,checkin,3.8,,2025-09-24T06:14:43
i_000680,u_0031,p_0010,view,,262,2025-09-11T01:47:43
i_000681,u_0031,p_0103,checkin,,,2025-08-18T09:06:43
i_000682,u_0031,p_0016,save,4.9,,2025-09-15T03:54:43
i_000683,u_0031,p_0007,view,,380,2025-07-11T00:03:43
i_000684,u_0031,p_0114,click,,245,2025-08-02T11:25:43
i_000685,u_0031,p_0012,view,,228,2025-10-21T16:57:43
i_000686,u_0031,p_0114,view,,331,2025-07-24T09:29:43
i_000687,u_0031,p_0062,save,,,2025-10-23T03:29:43
i_000688,u_0031,p_0048,checkin,3.5,,2025-08-10T16:05:43
i_000689,u_0031,p_0004,view,,346,2025-09-03T21:49:43
i_000690,u_0031,p_0005,click,4.9,311,2025-10-23T15:47:43
i_000691,u_0031,p_0015,click,3.3,97,2025-09-20T01:44:43
i_000692,u_0031,p_0102,view,,293,2025-07-10T04:00:43
i_000693,u_0031,p_0057,view,,201,2025-10-16T01:42:43
i_000694,u_0031,p_0041,save,4.7,,2025-08-22T16:25:43
i_000695,u_0031,p_0005,click,3.5,154,2025-09-24T01:05:43
i_000696,u_0031,p_0004,click,5.0,107,2025-08-08T23:14:43
i_000697,u_0031,p_0019,click,,141,2025-09-24T10:00:43
i_000698,u_0031,p_0051,view,,147,2025-08-31T21:19:43
i_000699,u_0031,p_0055,view,,247,2025-08-01T21:24:43
i_000700,u_0031,p_0063,save,4.6,,2025-10-31T00:29:43
i_000701,u_0032,p_0016,save,,,2025-08-22T03:10:43
i_000702,u_0032,p_0107,view,,216,2025-08-10T23:51:43
i_000703,u_0032,p_0019,view,,112,2025-08-06T00:18:43
i_000704,u_0032,p_0048,click,,350,2025-07-28T01:15:43
i_000705,u_0032,p_0033,view,,206,2025-07-24T13:36:43
i_000706,u_0032,p_0053,view,,291,2025-09-02T10:19:43
i_000707,u_0032,p_0117,click,3.5,298,2025-11-05T06:03:43
i_000708,u_0032,p_0008,checkin,,,2025-08-11T03:14:43
i_000709,u_0032,p_0036,save,2.9,,2025-09-15T09:23:43
i_000710,u_0032,p_0005,view,,287,2025-07-30T06:46:43
i_000711,u_0032,p_0040,view,,331,2025-10-28T00:37:43
i_000712,u_0032,p_0110,view,,205,2025-09-16T09:41:43
i_000713,u_0032,p_0112,view,,318,2025-07-27T02:11:43
i_000714,u_0032,p_0116,click,4.5,251,2025-08-03T23:14:43
i_000715,u_0032,p_0022,save,4.1,,2025-09-25T21:57:43
i_000716,u_0032,p_0013,view,,203,2025-08-10T00:03:43
i_000717,u_0032,p_0049,click,4.2,209,2025-08-06T13:59:43
i_000718,u_0032,p_0046,click,4.1,196,2025-09-28T03:52:43
i_000719,u_0032,p_0040,click,,189,2025-10-16T22:50:43
i_000720,u_0032,p_0111,save,3.3,,2025-07-20T12:43:43
i_000721,u_0032,p_0033,view,,381,2025-07-12T00:11:43
i_000722,u_0033,p_0002,click,,260,2025-09-02T20:20:43
i_000723,u_0033,p_0006,view,,182,2025-07-30T03:26:43
i_000724,u_0033,p_0030,view,,312,2025-11-03T00:41:43
i_000725,u_0033,p_0030,save,3.6,,2025-11-02T22:52:43
i_000726,u_0033,p_0023,view,,236,2025-08-31T12:16:43
i_000727,u_0033,p_0017,view,,277,2025-10-12T07:57:43
i_000728,u_0033,p_0049,save,5.0,,2025-09-12T20:50:43
i_000729,u_0033,p_0031,click,,312,2025-09-14T02:37:43
i_000730,u_0033,p_0045,save,3.4,,2025-10-11T14:38:43
i_000731,u_0033,p_0048,save,,,2025-07-12T23:57:43
i_000732,u_0033,p_0107,view,,201,2025-10-23T14:48:43
i_000733,u_0033,p_0051,view,,293,2025-08-15T22:21:43
i_000734,u_0033,p_0011,click,,185,2025-09-12T10:19:43
i_000735,u_0033,p_0052,view,,254,2025-08-08T16:34:43
i_000736,u_0033,p_0009,view,,169,2025-09-07T06:58:43
i_000737,u_0033,p_0027,view,,203,2025-09-11T22:50:43
i_000738,u_0033,p_0005,save,3.8,,2025-08-26T17:53:43
i_000739,u_0033,p_0042,checkin,3.0,,2025-09-09T00:49:43
i_000740,u_0033,p_0034,view,,235,2025-10-10T09:04:43
i_000741,u_0033,p_0115,view,,299,2025-07-26T01:03:43
i_000742,u_0033,p_0036,view,,23,2025-11-04T08:49:43
i_000743,u_0033,p_0034,view,,318,2025-07-28T13:26:43
i_000744,u_0033,p_0110,save,,,2025-07-26T20:13:43
i_000745,u_0033,p_0023,save,,,2025-10-17T15:11:43
i_000746,u_0033,p_0012,view,,269,2025-08-14T19:57:43
i_000747,u_0033,p_0037,save,,,2025-10-14T00:33:43
i_000748,u_0034,p_0005,click,4.3,325,2025-09-23T18:12:43
i_000749,u_0034,p_0020,click,,335,2025-09-09T08:41:43
i_000750,u_0034,p_0132,view,,379,2025-08-22T21:53:43
i_000751,u_0034,p_0044,click,5.0,365,2025-09-05T04:44:43
i_000752,u_0034,p_0112,view,,370,2025-08-24T11:57:43
i_000753,u_0034,p_0112,view,,369,2025-08-27T14:52:43
i_000754,u_0034,p_0106,save,3.8,,2025-09-03T16:09:43
i_000755,u_0034,p_0029,view,,103,2025-10-10T00:50:43
i_000756,u_0034,p_0028,view,,215,2025-08-21T00:13:43
i_000757,u_0034,p_0107,view,,292,2025-09-06T10:01:43
i_000758,u_0034,p_0132,view,,117,2025-08-26T23:04:43
i_000759,u_0034,p_0111,view,,269,2025-10-04T11:23:43
i_000760,u_0034,p_0054,view,,207,2025-08-16T01:01:43
i_000761,u_0034,p_0022,click,3.1,274,2025-07-13T12:52:43
i_000762,u_0034,p_0114,view,,238,2025-09-25T07:47:43
i_000763,u_0034,p_0011,save,4.0,,2025-07-19T19:15:43
i_000764,u_0034,p_0048,view,,239,2025-09-10T20:05:43
i_000765,u_0034,p_0108,view,,321,2025-08-04T14:21:43
i_000766,u_0035,p_0005,view,,55,2025-09-18T10:09:43
i_000767,u_0035,p_0112,view,,387,2025-10-05T12:20:43
i_000768,u_0035,p_0115,view,,283,2025-10-25T07:40:43
i_000769,u_0035,p_0054,save,4.1,,2025-10-14T03:31:43
i_000770,u_0035,p_0025,checkin,,,2025-08-07T01:37:43
i_000771,u_0035,p_0052,view,,147,2025-09-17T03:04:43
i_000772,u_0035,p_0111,view,,267,2025-09-08T15:29:43
i_000773,u_0035,p_0051,view,,122,2025-09-25T04:51:43
i_000774,u_0035,p_0117,view,,167,2025-08-01T02:26:43
i_000775,u_0035,p_0040,save,4.3,,2025-08-05T15:50:43
i_000776,u_0035,p_0026,view,,72,2025-07-08T20:10:43
i_000777,u_0035,p_0009,view,,231,2025-08-19T13:04:43
i_000778,u_0035,p_0115,click,,241,2025-10-05T08:57:43
i_000779,u_0035,p_0042,view,,253,2025-09-24T06:10:43
i_000780,u_0035,p_0024,view,,224,2025-08-28T17:48:43
i_000781,u_0035,p_0023,click,,233,2025-07-23T06:50:43
i_000782,u_0035,p_0030,click,3.6,210,2025-08-08T18:47:43
i_000783,u_0035,p_0024,save,,,2025-08-17T12:06:43
i_000784,u_0035,p_0035,view,,205,2025-10-13T04:12:43
i_000785,u_0035,p_0019,click,4.6,246,2025-08-11T00:42:43
i_000786,u_0035,p_0032,click,4.6,229,2025-10-23T17:59:43
i_000787,u_0035,p_0017,view,,220,2025-10-18T19:59:43
i_000788,u_0035,p_0105,view,,123,2025-09-11T00:58:43
i_000789,u_0035,p_0034,click,4.9,334,2025-09-30T16:46:43
i_000790,u_0036,p_0008,view,,235,2025-07-23T13:49:43
i_000791,u_0036,p_0043,view,,167,2025-08-28T12:45:43
i_000792,u_0036,p_0116,view,,267,2025-07-09T09:03:43
i_000793,u_0036,p_0053,click,,130,2025-08-21T13:00:43
i_000794,u_0036,p_0102,view,,208,2025-07-07T21:01:43
i_000795,u_0036,p_0037,view,,285,2025-08-11T00:28:43
i_000796,u_0036,p_0038,view,,171,2025-08-25T13:40:43
i_000797,u_0036,p_0028,save,4.0,,2025-09-30T09:40:43
i_000798,u_0036,p_0050,view,,166,2025-08-01T08:09:43
i_000799,u_0036,p_0049,view,,159,2025-11-05T06:27:43
i_000800,u_0036,p_0107,click,4.1,259,2025-07-28T07:56:43
i_000801,u_0036,p_0051,checkin,3.7,,2025-07-25T19:34:43
i_000802,u_0036,p_0049,view,,144,2025-09-10T21:50:43
i_000803,u_0036,p_0028,view,,213,2025-08-14T07:02:43
i_000804,u_0036,p_0037,click,3.3,428,2025-09-04T02:03:43
i_000805,u_0036,p_0001,view,,253,2025-07-21T15:45:43
i_000806,u_0037,p_0050,click,,210,2025-09-05T22:09:43
i_000807,u_0037,p_0119,click,,300,2025-08-02T05:06:43
i_000808,u_0037,p_0023,view,,346,2025-08-01T03:29:43
i_000809,u_0037,p_0024,click,4.1,251,2025-07-12T23:46:43
i_000810,u_0037,p_0042,click,,92,2025-09-01T21:46:43
i_000811,u_0037,p_0020,view,,202,2025-07-15T20:28:43
i_000812,u_0037,p_0044,checkin,,,2025-09-04T07:58:43
i_000813,u_0037,p_0009,view,,167,2025-07-14T12:10:43
i_000814,u_0037,p_0101,view,,53,2025-07-27T01:57:43
i_000815,u_0037,p_0132,checkin,,,2025-08-07T04:49:43
i_000816,u_0037,p_0008,checkin,4.0,,2025-10-23T11:35:43
i_000817,u_0037,p_0132,click,2.8,217,2025-10-15T03:13:43
i_000818,u_0037,p_0041,click,,283,2025-09-26T15:33:43
i_000819,u_0037,p_0037,click,,276,2025-10-03T17:48:43
i_000820,u_0037,p_0008,view,,349,2025-09-08T12:31:43
i_000821,u_0037,p_0032,view,,197,2025-08-28T02:43:43
i_000822,u_0037,p_0044,click,,146,2025-10-28T07:44:43
i_000823,u_0037,p_0110,view,,243,2025-08-09T22:27:43
i_000824,u_0037,p_0049,view,,188,2025-08-02T08:19:43
i_000825,u_0037,p_0036,view,,264,2025-08-09T22:19:43
i_000826,u_0037,p_0028,click,4.8,140,2025-09-19T17:44:43
i_000827,u_0037,p_0035,click,,351,2025-09-18T04:23:43
i_000828,u_0038,p_0027,view,,352,2025-07-30T04:46:43
i_000829,u_0038,p_0051,save,4.8,,2025-09-05T16:37:43
i_000830,u_0038,p_0024,view,,298,2025-09-26T15:43:43
i_000831,u_0038,p_0007,view,,186,2025-08-04T09:42:43
i_000832,u_0038,p_0110,view,,233,2025-10-16T15:01:43
i_000833,u_0038,p_0035,save,,,2025-07-12T13:54:43
i_000834,u_0038,p_0044,save,3.6,,2025-08-01T20:54:43
i_000835,u_0038,p_0113,save,,,2025-09-02T03:30:43
i_000836,u_0038,p_0052,view,,175,2025-09-09T11:50:43
i_000837,u_0038,p_0001,checkin,5.0,,2025-09-10T13:13:43
i_000838,u_0038,p_0048,view,,176,2025-09-03T05:41:43
i_000839,u_0038,p_0045,view,,100,2025-08-21T02:51:43
i_000840,u_0038,p_0017,checkin,,,2025-07-07T17:57:43
i_000841,u_0038,p_0050,click,3.1,379,2025-08-11T19:02:43
i_000842,u_0038,p_0112,checkin,,,2025-09-19T18:12:43
i_000843,u_0038,p_0009,click,3.8,271,2025-10-28T19:42:43
i_000844,u_0038,p_0029,checkin,4.6,,2025-07-21T14:49:43
i_000845,u_0038,p_0103,view,,216,2025-09-07T17:11:43
i_000846,u_0038,p_0034,click,,159,2025-08-17T17:08:43
i_000847,u_0038,p_0054,view,,281,2025-10-30T11:29:43
i_000848,u_0038,p_0032,click,,246,2025-08-28T00:26:43
i_000849,u_0038,p_0030,click,4.3,369,2025-10-25T08:22:43
i_000850,u_0039,p_0026,click,3.5,104,2025-10-03T06:00:43
i_000851,u_0039,p_0042,click,,74,2025-10-01T10:52:43
i_000852,u_0039,p_0049,view,,125,2025-09-18T18:17:43
i_000853,u_0039,p_0010,checkin,3.8,,2025-09-17T20:57:43
i_000854,u_0039,p_0009,click,,145,2025-09-28T07:08:43
i_000855,u_0039,p_0027,view,,326,2025-09-20T21:22:43
i_000856,u_0039,p_0106,view,,124,2025-10-14T13:47:43
i_000857,u_0039,p_0034,click,4.7,283,2025-07-11T00:39:43
i_000858,u_0039,p_0022,save,3.2,,2025-09-19T07:27:43
i_000859,u_0039,p_0032,view,,244,2025-09-18T07:11:43
i_000860,u_0039,p_0033,click,4.3,357,2025-09-27T04:55:43
i_000861,u_0039,p_0049,save,4.2,,2025-07-13T15:11:43
i_000862,u_0039,p_0101,view,,176,2025-08-15T08:29:43
i_000863,u_0039,p_0011,checkin,,,2025-10-23T19:51:43
i_000864,u_0039,p_0032,view,,361,2025-10-25T18:25:43
i_000865,u_0039,p_0112,view,,245,2025-10-14T20:32:43
i_000866,u_0039,p_0051,save,4.1,,2025-09-29T13:58:43
i_000867,u_0039,p_0047,view,,149,2025-10-08T21:00:43
i_000868,u_0039,p_0021,click,3.8,310,2025-10-17T23:25:43
i_000869,u_0039,p_0033,view,,353,2025-09-15T07:44:43
i_000870,u_0039,p_0024,checkin,3.0,,2025-07-31T14:23:43
i_000871,u_0039,p_0030,view,,198,2025-09-06T04:16:43
i_000872,u_0040,p_0051,click,5.0,233,2025-09-15T13:08:43
i_000873,u_0040,p_0030,save,5.0,,2025-07-08T06:30:43
i_000874,u_0040,p_0052,click,,254,2025-10-27T15:03:43
i_000875,u_0040,p_0116,click,3.9,314,2025-08-21T22:02:43
i_000876,u_0040,p_0003,view,,179,2025-09-08T13:30:43
i_000877,u_0040,p_0020,click,4.2,218,2025-09-26T13:05:43
i_000878,u_0040,p_0040,click,4.0,128,2025-10-09T01:53:43
i_000879,u_0040,p_0104,save,3.6,,2025-07-12T16:00:43
i_000880,u_0040,p_0028,save,4.1,,2025-10-14T05:12:43
i_000881,u_0040,p_0037,checkin,3.6,,2025-08-15T04:16:43
i_000882,u_0040,p_0027,click,,92,2025-08-16T03:19:43
i_000883,u_0040,p_0037,checkin,4.8,,2025-10-14T00:14:43
i_000884,u_0040,p_0041,click,5.0,248,2025-10-08T16:52:43
i_000885,u_0040,p_0021,view,,337,2025-08-21T16:56:43
i_000886,u_0040,p_0046,click,,78,2025-07-24T18:36:43
i_000887,u_0040,p_0117,checkin,,,2025-08-09T21:55:43
i_000888,u_0040,p_0047,click,,67,2025-08-27T10:05:43
i_000889,u_0040,p_0044,view,,177,2025-10-26T09:27:43
i_000890,u_0040,p_0113,view,,221,2025-09-07T14:49:43
i_000891,u_0040,p_0027,save,,,2025-10-18T02:58:43
i_000892,u_0040,p_0007,click,2.7,215,2025-09-17T04:07:43
i_000893,u_0040,p_0021,view,,307,2025-07-30T14:37:43
i_000894,u_0041,p_0041,click,4.7,256,2025-08-19T02:10:43
i_000895,u_0041,p_0003,view,,259,2025-07-10T02:34:43
i_000896,u_0041,p_0016,view,,172,2025-07-26T03:08:43
i_000897,u_0041,p_0111,checkin,4.9,,2025-10-22T06:21:43
i_000898,u_0041,p_0033,click,4.5,421,2025-10-14T04:03:43
i_000899,u_0041,p_0009,view,,280,2025-08-06T17:14:43
i_000900,u_0041,p_0011,click,,441,2025-10-30T21:57:43
i_000901,u_0041,p_0004,checkin,,,2025-08-09T01:43:43
i_000902,u_0041,p_0005,view,,286,2025-09-05T21:39:43
i_000903,u_0041,p_0041,click,3.1,284,2025-08-29T05:57:43
i_000904,u_0041,p_0040,view,,263,2025-10-12T15:58:43
i_000905,u_0041,p_0117,click,3.7,269,2025-09-19T20:59:43
i_000906,u_0041,p_0019,view,,127,2025-10-10T11:51:43
i_000907,u_0041,p_0044,save,3.7,,2025-08-05T02:08:43
i_000908,u_0041,p_0103,view,,321,2025-08-09T05:09:43
i_000909,u_0041,p_0035,view,,248,2025-08-19T02:51:43
i_000910,u_0041,p_0005,save,4.8,,2025-08-17T01:14:43
i_000911,u_0041,p_0102,checkin,,,2025-09-11T08:38:43
i_000912,u_0041,p_0040,save,4.7,,2025-07-11T15:17:43
i_000913,u_0041,p_0037,view,,150,2025-09-17T22:31:43
i_000914,u_0041,p_0040,save,4.5,,2025-07-14T11:44:43
i_000915,u_0041,p_0024,view,,181,2025-07-15T19:31:43
i_000916,u_0042,p_0034,view,,303,2025-10-29T08:22:43
i_000917,u_0042,p_0038,click,,311,2025-09-29T01:11:43
i_000918,u_0042,p_0035,view,,47,2025-10-17T11:57:43
i_000919,u_0042,p_0036,view,,99,2025-08-17T07:43:43
i_000920,u_0042,p_0029,view,,225,2025-08-30T17:42:43
i_000921,u_0042,p_0040,view,,220,2025-10-24T12:12:43
i_000922,u_0042,p_0040,view,,295,2025-08-23T22:10:43
i_000923,u_0042,p_0044,view,,182,2025-10-29T15:06:43
i_000924,u_0042,p_0013,click,,269,2025-10-21T01:28:43
i_000925,u_0042,p_0042,checkin,3.5,,2025-08-28T19:39:43
i_000926,u_0042,p_0043,view,,253,2025-08-01T23:41:43
i_000927,u_0042,p_0008,click,,289,2025-10-18T01:32:43
i_000928,u_0042,p_0116,checkin,3.7,,2025-10-25T20:36:43
i_000929,u_0042,p_0014,view,,204,2025-10-12T03:28:43
i_000930,u_0042,p_0001,save,4.2,,2025-08-13T00:27:43
i_000931,u_0042,p_0054,click,4.2,151,2025-09-24T17:46:43
i_000932,u_0042,p_0118,view,,303,2025-10-25T16:10:43
i_000933,u_0043,p_0019,view,,240,2025-09-23T23:20:43
i_000934,u_0043,p_0025,click,3.5,320,2025-10-27T20:52:43
i_000935,u_0043,p_0044,checkin,4.2,,2025-08-18T19:07:43
i_000936,u_0043,p_0006,view,,284,2025-07-31T21:36:43
i_000937,u_0043,p_0107,click,,165,2025-08-11T13:16:43
i_000938,u_0043,p_0051,view,,248,2025-10-26T00:16:43
i_000939,u_0043,p_0007,view,,79,2025-07-20T05:49:43
i_000940,u_0043,p_0022,view,,338,2025-07-14T23:22:43
i_000941,u_0043,p_0028,view,,124,2025-10-07T01:00:43
i_000942,u_0043,p_0027,view,,278,2025-07-29T18:45:43
i_000943,u_0043,p_0027,checkin,,,2025-09-15T13:26:43
i_000944,u_0043,p_0021,click,5.0,260,2025-09-30T02:57:43
i_000945,u_0043,p_0021,click,,207,2025-07-10T05:09:43
i_000946,u_0043,p_0023,click,4.1,261,2025-10-05T17:40:43
i_000947,u_0043,p_0044,view,,281,2025-10-09T17:18:43
i_000948,u_0043,p_0116,view,,248,2025-09-04T21:02:43
i_000949,u_0043,p_0053,click,4.5,254,2025-10-08T22:36:43
i_000950,u_0043,p_0016,view,,111,2025-09-14T02:44:43
i_000951,u_0043,p_0044,view,,327,2025-08-05T03:17:43
i_000952,u_0043,p_0043,view,,84,2025-09-29T17:09:43
i_000953,u_0044,p_0111,view,,90,2025-08-24T05:28:43
i_000954,u_0044,p_0033,view,,306,2025-07-19T08:47:43
i_000955,u_0044,p_0040,view,,280,2025-07-22T12:47:43
i_000956,u_0044,p_0023,checkin,3.8,,2025-11-01T11:30:43
i_000957,u_0044,p_0116,view,,316,2025-09-01T04:37:43
i_000958,u_0044,p_0032,view,,270,2025-07-15T15:29:43
i_000959,u_0044,p_0107,view,,151,2025-07-09T07:19:43
i_000960,u_0044,p_0016,view,,83,2025-11-05T07:08:43
i_000961,u_0044,p_0028,click,3.7,282,2025-08-25T11:04:43
i_000962,u_0044,p_0022,view,,204,2025-10-13T21:36:43
i_000963,u_0044,p_0107,view,,206,2025-09-28T03:10:43
i_000964,u_0044,p_0043,view,,137,2025-10-05T14:22:43
i_000965,u_0044,p_0022,click,,169,2025-09-21T14:53:43
i_000966,u_0044,p_0104,click,3.6,174,2025-10-30T04:56:43
i_000967,u_0044,p_0042,view,,86,2025-10-01T11:50:43
i_000968,u_0045,p_0042,view,,177,2025-11-03T22:25:43
i_000969,u_0045,p_0043,view,,284,2025-10-09T19:40:43
i_000970,u_0045,p_0045,click,4.3,109,2025-08-12T16:31:43
i_000971,u_0045,p_0037,click,4.5,169,2025-08-01T23:59:43
i_000972,u_0045,p_0107,click,3.5,304,2025-07-10T18:37:43
i_000973,u_0045,p_0031,view,,161,2025-08-19T10:19:43
i_000974,u_0045,p_0109,checkin,,,2025-08-04T15:40:43
i_000975,u_0045,p_0116,view,,194,2025-11-04T18:03:43
i_000976,u_0045,p_0037,save,4.3,,2025-10-29T08:42:43
i_000977,u_0045,p_0105,save,3.4,,2025-10-24T04:03:43
i_000978,u_0045,p_0007,checkin,,,2025-09-02T04:38:43
i_000979,u_0045,p_0112,click,,201,2025-09-14T02:35:43
i_000980,u_0045,p_0006,view,,147,2025-08-01T01:25:43
i_000981,u_0045,p_0052,save,2.2,,2025-10-14T05:38:43
i_000982,u_0045,p_0053,click,4.1,160,2025-09-04T19:32:43
i_000983,u_0045,p_0107,view,,252,2025-07-27T02:44:43
i_000984,u_0045,p_0021,checkin,5.0,,2025-08-09T07:07:43
i_000985,u_0045,p_0038,save,,,2025-07-22T14:54:43
i_000986,u_0045,p_0001,view,,395,2025-09-27T11:21:43
i_000987,u_0045,p_0041,view,,170,2025-07-14T07:41:43
i_000988,u_0045,p_0112,view,,469,2025-07-30T06:54:43
i_000989,u_0045,p_0034,view,,256,2025-07-24T15:23:43
i_000990,u_0046,p_0115,click,3.9,332,2025-09-25T21:25:43
i_000991,u_0046,p_0116,save,3.9,,2025-09-14T16:12:43
i_000992,u_0046,p_0009,click,,71,2025-08-22T22:32:43
i_000993,u_0046,p_0022,view,,230,2025-09-24T18:05:43
i_000994,u_0046,p_0018,click,3.2,164,2025-09-14T15:59:43
i_000995,u_0046,p_0048,click,,259,2025-10-18T06:24:43
i_000996,u_0046,p_0049,view,,60,2025-10-26T15:56:43
i_000997,u_0046,p_0011,view,,171,2025-09-21T14:50:43
i_000998,u_0046,p_0036,view,,157,2025-07-12T12:02:43
i_000999,u_0046,p_0032,view,,313,2025-08-09T06:51:43
i_001000,u_0046,p_0044,save,4.6,,2025-10-05T04:14:43
i_001001,u_0046,p_0103,checkin,5.0,,2025-10-07T02:40:43
i_001002,u_0046,p_0117,save,,,2025-10-26T03:45:43
i_001003,u_0046,p_0107,view,,391,2025-07-31T14:13:43
i_001004,u_0046,p_0041,click,,125,2025-09-22T19:44:43
i_001005,u_0046,p_0020,view,,253,2025-08-04T21:57:43
i_001006,u_0046,p_0001,view,,298,2025-09-26T11:55:43
i_001007,u_0046,p_0106,view,,155,2025-08-02T02:49:43
i_001008,u_0046,p_0012,view,,275,2025-08-28T08:37:43
i_001009,u_0046,p_0031,view,,323,2025-08-18T10:24:43
i_001010,u_0046,p_0114,view,,76,2025-07-11T21:46:43
i_001011,u_0046,p_0047,save,,,2025-08-21T21:35:43
i_001012,u_0046,p_0033,click,,196,2025-08-19T05:25:43
i_001013,u_0046,p_0025,checkin,,,2025-08-15T05:50:43
i_001014,u_0046,p_0025,save,,,2025-09-24T15:16:43
i_001015,u_0046,p_0119,click,,323,2025-09-19T21:14:43
i_001016,u_0046,p_0101,checkin,3.5,,2025-10-10T01:24:43
i_001017,u_0046,p_0035,view,,173,2025-10-16T02:49:43
i_001018,u_0047,p_0040,checkin,4.9,,2025-07-17T08:15:43
i_001019,u_0047,p_0045,click,4.0,171,2025-08-14T17:29:43
i_001020,u_0047,p_0105,click,3.5,97,2025-08-31T05:13:43
i_001021,u_0047,p_0047,click,,202,2025-07-23T19:23:43
i_001022,u_0047,p_0118,click,,282,2025-09-17T09:13:43
i_001023,u_0047,p_0050,save,,,2025-07-18T19:09:43
i_001024,u_0047,p_0050,view,,164,2025-10-22T00:59:43
i_001025,u_0047,p_0040,checkin,,,2025-08-12T10:43:43
i_001026,u_0047,p_0116,view,,202,2025-07-30T01:28:43
i_001027,u_0047,p_0038,view,,200,2025-08-31T15:37:43
i_001028,u_0047,p_0046,view,,266,2025-10-21T16:08:43
i_001029,u_0047,p_0009,click,3.6,99,2025-08-29T15:29:43
i_001030,u_0047,p_0035,view,,293,2025-10-07T20:32:43
i_001031,u_0047,p_0037,click,4.2,260,2025-11-05T10:30:43
i_001032,u_0047,p_0054,click,3.7,261,2025-09-16T00:36:43
i_001033,u_0047,p_0046,checkin,4.1,,2025-08-26T06:33:43
i_001034,u_0047,p_0046,view,,117,2025-08-04T21:40:43
i_001035,u_0047,p_0113,click,4.1,317,2025-07-31T22:31:43
i_001036,u_0047,p_0029,view,,128,2025-11-01T17:16:43
i_001037,u_0047,p_0014,view,,123,2025-07-16T17:45:43
i_001038,u_0048,p_0047,click,,226,2025-08-01T09:42:43
i_001039,u_0048,p_0048,click,,154,2025-11-05T02:31:43
i_001040,u_0048,p_0002,view,,80,2025-10-25T14:30:43
i_001041,u_0048,p_0020,view,,250,2025-08-16T08:17:43
i_001042,u_0048,p_0103,view,,220,2025-08-13T12:40:43
i_001043,u_0048,p_0053,save,4.7,,2025-08-09T13:40:43
i_001044,u_0048,p_0035,view,,280,2025-09-14T23:40:43
i_001045,u_0048,p_0103,click,3.9,211,2025-10-26T23:57:43
i_001046,u_0048,p_0014,click,,170,2025-07-23T00:45:43
i_001047,u_0048,p_0023,click,,259,2025-07-22T07:20:43
i_001048,u_0048,p_0024,checkin,,,2025-08-02T10:18:43
i_001049,u_0048,p_0103,view,,187,2025-07-24T06:20:43
i_001050,u_0048,p_0029,click,,25,2025-09-18T22:20:43
i_001051,u_0048,p_0023,click,,303,2025-09-02T21:29:43
i_001052,u_0048,p_0021,view,,249,2025-08-07T23:55:43
i_001053,u_0048,p_0034,view,,410,2025-10-25T02:49:43
i_001054,u_0048,p_0103,view,,288,2025-10-07T14:10:43
i_001055,u_0048,p_0040,click,,299,2025-07-22T16:29:43
i_001056,u_0048,p_0035,view,,278,2025-08-11T16:10:43
i_001057,u_0048,p_0116,view,,230,2025-08-14T03:33:43
i_001058,u_0048,p_0016,view,,152,2025-07-21T01:59:43
i_001059,u_0048,p_0027,save,3.6,,2025-09-07T12:26:43
i_001060,u_0048,p_0035,view,,155,2025-07-24T12:29:43
i_001061,u_0048,p_0119,view,,159,2025-09-06T05:23:43
i_001062,u_0049,p_0029,click,4.6,288,2025-10-08T09:46:43
i_001063,u_0049,p_0101,click,4.3,127,2025-07-30T03:48:43
i_001064,u_0049,p_0117,click,2.5,237,2025-08-18T03:48:43
i_001065,u_0049,p_0021,view,,379,2025-08-26T02:46:43
i_001066,u_0049,p_0027,view,,250,2025-08-31T01:38:43
i_001067,u_0049,p_0039,view,,76,2025-09-17T11:02:43
i_001068,u_0049,p_0048,view,,226,2025-10-02T10:35:43
i_001069,u_0049,p_0035,view,,230,2025-07-16T02:01:43
i_001070,u_0049,p_0039,click,3.8,27,2025-08-02T04:58:43
i_001071,u_0049,p_0021,click,4.0,331,2025-07-12T20:37:43
i_001072,u_0049,p_0050,click,,159,2025-10-13T23:17:43
i_001073,u_0049,p_0116,view,,319,2025-08-09T22:41:43
i_001074,u_0049,p_0047,save,,,2025-11-02T08:54:43
i_001075,u_0049,p_0033,checkin,4.2,,2025-09-09T07:34:43
i_001076,u_0049,p_0024,save,,,2025-09-02T08:22:43
i_001077,u_0049,p_0025,view,,413,2025-09-08T14:59:43
i_001078,u_0049,p_0103,view,,186,2025-09-09T02:05:43
i_001079,u_0049,p_0001,checkin,4.7,,2025-10-15T07:19:43
i_001080,u_0049,p_0004,click,,128,2025-07-15T03:37:43
i_001081,u_0049,p_0037,click,4.9,234,2025-08-11T08:53:43
i_001082,u_0049,p_0044,view,,285,2025-10-10T01:56:43
i_001083,u_0049,p_0116,view,,112,2025-08-23T13:01:43
i_001084,u_0049,p_0044,click,4.6,397,2025-08-14T17:48:43
i_001085,u_0049,p_0051,click,3.6,236,2025-10-21T22:44:43
i_001086,u_0049,p_0027,view,,287,2025-08-07T05:04:43
i_001087,u_0049,p_0052,click,3.0,237,2025-07-17T23:56:43
i_001088,u_0049,p_0039,click,4.0,228,2025-09-30T02:59:43
i_001089,u_0050,p_0040,click,3.2,276,2025-07-10T23:01:43
i_001090,u_0050,p_0041,checkin,3.2,,2025-09-18T23:43:43
i_001091,u_0050,p_0041,click,,255,2025-08-13T10:09:43
i_001092,u_0050,p_0017,view,,261,2025-08-28T18:32:43
i_001093,u_0050,p_0116,view,,238,2025-08-19T04:51:43
i_001094,u_0050,p_0116,checkin,,,2025-07-12T12:26:43
i_001095,u_0050,p_0115,view,,311,2025-07-22T06:55:43
i_001096,u_0050,p_0110,view,,70,2025-07-26T00:10:43
i_001097,u_0050,p_0046,click,4.8,110,2025-07-12T11:41:43
i_001098,u_0050,p_0028,save,,,2025-09-19T23:43:43
i_001099,u_0050,p_0021,view,,179,2025-09-13T18:58:43
i_001100,u_0050,p_0045,click,3.4,175,2025-09-27T09:00:43
i_001101,u_0050,p_0013,view,,286,2025-10-27T18:41:43
i_001102,u_0050,p_0001,click,4.2,316,2025-08-31T18:13:43
i_001103,u_0050,p_0022,view,,269,2025-10-24T11:55:43
i_001104,u_0050,p_0035,view,,78,2025-10-04T13:13:43
i_001105,u_0050,p_0112,view,,348,2025-07-31T05:49:43
i_001106,u_0050,p_0020,view,,123,2025-08-29T12:05:43
i_001107,u_0050,p_0036,view,,184,2025-07-27T21:25:43
i_001108,u_0050,p_0109,view,,20,2025-07-31T21:32:43
i_001109,u_0050,p_0111,view,,244,2025-08-03T14:49:43
i_001110,u_0050,p_0032,checkin,4.3,,2025-10-19T19:51:43
i_001111,u_0050,p_0110,view,,96,2025-09-29T12:25:43
i_001112,u_0050,p_0106,click,3.4,186,2025-08-29T01:19:43
i_001113,u_0050,p_0049,click,,208,2025-08-05T04:45:43
i_001114,u_0051,p_0048,view,,345,2025-10-02T13:59:43
i_001115,u_0051,p_0030,view,,324,2025-09-09T15:47:43
i_001116,u_0051,p_0051,view,,228,2025-07-24T22:12:43
i_001117,u_0051,p_0103,click,,188,2025-09-02T11:21:43
i_001118,u_0051,p_0049,view,,220,2025-07-24T20:55:43
i_001119,u_0051,p_0020,view,,188,2025-09-23T03:22:43
i_001120,u_0051,p_0053,save,,,2025-10-01T23:28:43
i_001121,u_0051,p_0037,view,,291,2025-07-09T08:24:43
i_001122,u_0051,p_0052,click,3.6,34,2025-10-29T00:15:43
i_001123,u_0051,p_0048,view,,150,2025-07-22T02:50:43
i_001124,u_0051,p_0053,save,5.0,,2025-10-06T02:06:43
i_001125,u_0051,p_0041,view,,269,2025-11-01T06:14:43
i_001126,u_0051,p_0046,view,,190,2025-08-04T00:36:43
i_001127,u_0051,p_0117,view,,152,2025-09-27T17:00:43
i_001128,u_0051,p_0026,save,4.1,,2025-09-22T01:23:43
i_001129,u_0051,p_0015,click,4.1,20,2025-08-03T14:02:43
i_001130,u_0051,p_0039,view,,169,2025-08-15T14:06:43
i_001131,u_0051,p_0035,view,,127,2025-09-13T04:19:43
i_001132,u_0051,p_0048,view,,281,2025-07-17T23:11:43
i_001133,u_0051,p_0023,checkin,5.0,,2025-10-20T15:03:43
i_001134,u_0051,p_0116,view,,276,2025-08-27T22:44:43
i_001135,u_0051,p_0034,click,,244,2025-07-22T14:01:43
i_001136,u_0051,p_0028,view,,342,2025-10-02T05:53:43
i_001137,u_0051,p_0117,checkin,4.8,,2025-07-17T05:26:43
i_001138,u_0051,p_0014,click,,268,2025-10-11T15:59:43
i_001139,u_0051,p_0040,save,4.4,,2025-10-17T04:22:43
i_001140,u_0051,p_0116,click,4.4,244,2025-10-22T05:33:43
i_001141,u_0051,p_0003,view,,62,2025-11-04T10:15:43
i_001142,u_0051,p_0010,save,4.2,,2025-09-03T07:58:43
i_001143,u_0051,p_0001,checkin,4.4,,2025-10-23T03:43:43
i_001144,u_0052,p_0030,click,4.1,167,2025-10-11T03:15:43
i_001145,u_0052,p_0032,click,,145,2025-10-02T01:23:43
i_001146,u_0052,p_0103,save,,,2025-10-03T07:12:43
i_001147,u_0052,p_0009,view,,212,2025-08-01T16:31:43
i_001148,u_0052,p_0037,click,3.8,315,2025-08-21T02:53:43
i_001149,u_0052,p_0101,view,,116,2025-09-06T13:11:43
i_001150,u_0052,p_0041,view,,166,2025-08-20T14:27:43
i_001151,u_0052,p_0024,view,,168,2025-08-02T18:26:43
i_001152,u_0052,p_0042,view,,165,2025-07-15T06:20:43
i_001153,u_0052,p_0041,view,,149,2025-07-17T22:43:43
i_001154,u_0052,p_0113,click,,260,2025-09-26T23:33:43
i_001155,u_0052,p_0112,click,4.9,283,2025-08-04T22:47:43
i_001156,u_0052,p_0051,view,,284,2025-08-25T08:36:43
i_001157,u_0052,p_0037,view,,294,2025-09-24T09:11:43
i_001158,u_0052,p_0107,click,,233,2025-08-11T21:19:43
i_001159,u_0052,p_0111,view,,300,2025-08-07T16:34:43
i_001160,u_0052,p_0043,save,4.0,,2025-08-03T21:32:43
i_001161,u_0052,p_0038,save,4.7,,2025-09-01T18:04:43
i_001162,u_0052,p_0047,view,,175,2025-07-30T01:52:43
i_001163,u_0052,p_0051,click,,272,2025-07-20T06:41:43
i_001164,u_0052,p_0033,save,3.3,,2025-10-24T07:41:43
i_001165,u_0053,p_0045,view,,253,2025-09-12T16:52:43
i_001166,u_0053,p_0017,view,,140,2025-10-21T07:00:43
i_001167,u_0053,p_0011,save,4.2,,2025-09-10T23:35:43
i_001168,u_0053,p_0044,click,5.0,137,2025-07-08T15:54:43
i_001169,u_0053,p_0050,click,,205,2025-09-04T03:29:43
i_001170,u_0053,p_0054,view,,303,2025-09-10T08:42:43
i_001171,u_0053,p_0011,view,,124,2025-09-19T20:29:43
i_001172,u_0053,p_0108,save,4.0,,2025-08-22T08:10:43
i_001173,u_0053,p_0016,save,,,2025-07-31T08:12:43
i_001174,u_0053,p_0047,click,2.6,275,2025-07-11T00:28:43
i_001175,u_0053,p_0026,view,,273,2025-07-25T11:46:43
i_001176,u_0053,p_0014,view,,150,2025-07-27T20:41:43
i_001177,u_0053,p_0021,view,,355,2025-09-01T14:13:43
i_001178,u_0053,p_0041,click,3.6,303,2025-10-08T15:14:43
i_001179,u_0053,p_0106,click,4.9,283,2025-10-08T15:00:43
i_001180,u_0053,p_0041,click,,213,2025-08-30T04:24:43
i_001181,u_0053,p_0023,view,,172,2025-08-28T22:39:43
i_001182,u_0054,p_0005,click,,307,2025-10-03T17:06:43
i_001183,u_0054,p_0053,click,,175,2025-10-12T17:48:43
i_001184,u_0054,p_0007,checkin,,,2025-10-23T07:21:43
i_001185,u_0054,p_0132,checkin,4.8,,2025-07-16T12:54:43
i_001186,u_0054,p_0047,view,,284,2025-08-03T21:03:43
i_001187,u_0054,p_0036,view,,186,2025-08-30T11:18:43
i_001188,u_0054,p_0043,save,4.1,,2025-09-04T17:05:43
i_001189,u_0054,p_0008,checkin,,,2025-08-25T15:45:43
i_001190,u_0054,p_0006,view,,140,2025-08-20T00:14:43
i_001191,u_0054,p_0021,view,,295,2025-10-21T12:55:43
i_001192,u_0054,p_0054,checkin,,,2025-08-09T17:38:43
i_001193,u_0054,p_0118,view,,261,2025-09-18T07:04:43
i_001194,u_0054,p_0112,save,5.0,,2025-08-18T05:58:43
i_001195,u_0054,p_0112,save,3.9,,2025-07-22T02:19:43
i_001196,u_0054,p_0108,view,,134,2025-11-01T02:51:43
i_001197,u_0054,p_0054,view,,301,2025-07-12T14:09:43
i_001198,u_0054,p_0116,click,5.0,399,2025-10-04T12:40:43
i_001199,u_0054,p_0027,click,4.3,337,2025-08-13T12:00:43
i_001200,u_0054,p_0053,click,3.8,294,2025-10-11T13:22:43
i_001201,u_0054,p_0021,save,,,2025-08-01T22:43:43
i_001202,u_0054,p_0026,click,3.3,235,2025-07-31T07:39:43
i_001203,u_0054,p_0104,click,2.3,149,2025-07-28T08:03:43
i_001204,u_0054,p_0116,view,,142,2025-10-26T15:52:43
i_001205,u_0054,p_0054,view,,172,2025-11-03T04:06:43
i_001206,u_0054,p_0014,view,,184,2025-08-15T15:39:43
i_001207,u_0054,p_0024,checkin,2.6,,2025-07-22T16:08:43
i_001208,u_0054,p_0029,view,,262,2025-10-16T22:07:43
i_001209,u_0054,p_0014,view,,333,2025-11-02T20:22:43
i_001210,u_0055,p_0029,view,,147,2025-07-30T05:09:43
i_001211,u_0055,p_0029,save,,,2025-09-13T17:32:43
i_001212,u_0055,p_0006,save,3.3,,2025-10-02T18:02:43
i_001213,u_0055,p_0041,view,,112,2025-07-13T23:58:43
i_001214,u_0055,p_0036,view,,197,2025-08-05T09:49:43
i_001215,u_0055,p_0109,save,4.0,,2025-09-03T14:36:43
i_001216,u_0055,p_0030,click,,236,2025-09-27T02:04:43
i_001217,u_0055,p_0112,click,4.3,283,2025-08-12T12:35:43
i_001218,u_0055,p_0103,view,,199,2025-08-07T17:58:43
i_001219,u_0055,p_0103,click,5.0,193,2025-07-30T07:00:43
i_001220,u_0055,p_0030,view,,357,2025-11-04T01:04:43
i_001221,u_0055,p_0051,click,4.4,186,2025-09-07T13:37:43
i_001222,u_0055,p_0112,click,4.6,258,2025-08-23T05:37:43
i_001223,u_0055,p_0030,view,,154,2025-08-07T22:54:43
i_001224,u_0055,p_0037,click,,233,2025-07-14T03:41:43
i_001225,u_0055,p_0048,save,,,2025-08-05T19:23:43
i_001226,u_0055,p_0054,click,,288,2025-10-16T12:21:43
i_001227,u_0055,p_0036,view,,134,2025-11-03T00:31:43
i_001228,u_0056,p_0044,checkin,,,2025-10-08T01:26:43
i_001229,u_0056,p_0053,view,,100,2025-08-14T23:46:43
i_001230,u_0056,p_0035,view,,175,2025-08-23T09:27:43
i_001231,u_0056,p_0132,view,,120,2025-09-09T08:06:43
i_001232,u_0056,p_0046,view,,195,2025-10-14T06:06:43
i_001233,u_0056,p_0017,save,3.6,,2025-09-24T06:29:43
i_001234,u_0056,p_0023,save,,,2025-07-20T17:47:43
i_001235,u_0056,p_0038,view,,169,2025-07-23T05:20:43
i_001236,u_0056,p_0046,save,,,2025-08-18T15:39:43
i_001237,u_0056,p_0054,click,4.1,222,2025-07-15T09:19:43
i_001238,u_0056,p_0053,click,,222,2025-10-30T15:33:43
i_001239,u_0056,p_0005,view,,251,2025-09-27T16:41:43
i_001240,u_0056,p_0010,save,5.0,,2025-10-29T12:15:43
i_001241,u_0056,p_0049,view,,86,2025-09-18T22:10:43
i_001242,u_0056,p_0023,click,,310,2025-08-31T17:17:43
i_001243,u_0056,p_0107,click,3.9,247,2025-09-25T19:12:43
i_001244,u_0056,p_0039,save,3.4,,2025-08-11T18:20:43
i_001245,u_0056,p_0033,view,,201,2025-07-18T09:07:43
i_001246,u_0056,p_0005,view,,253,2025-08-15T20:41:43
i_001247,u_0056,p_0043,view,,182,2025-09-01T00:46:43
i_001248,u_0056,p_0022,click,5.0,288,2025-08-12T17:42:43
i_001249,u_0056,p_0107,save,5.0,,2025-07-11T14:00:43
i_001250,u_0056,p_0132,click,3.8,179,2025-07-20T22:10:43
i_001251,u_0056,p_0047,save,,,2025-09-01T00:08:43
i_001252,u_0056,p_0023,save,,,2025-10-12T19:18:43
i_001253,u_0056,p_0034,click,4.4,367,2025-10-21T17:54:43
i_001254,u_0056,p_0053,view,,166,2025-09-24T07:11:43
i_001255,u_0057,p_0040,view,,325,2025-11-01T05:13:43
i_001256,u_0057,p_0022,view,,312,2025-09-14T07:26:43
i_001257,u_0057,p_0012,view,,238,2025-10-30T19:55:43
i_001258,u_0057,p_0109,view,,340,2025-09-11T02:50:43
i_001259,u_0057,p_0119,view,,311,2025-09-04T16:19:43
i_001260,u_0057,p_0022,save,4.6,,2025-10-04T20:55:43
i_001261,u_0057,p_0108,checkin,,,2025-08-29T15:57:43
i_001262,u_0057,p_0106,save,3.5,,2025-08-26T14:40:43
i_001263,u_0057,p_0107,view,,181,2025-07-24T16:47:43
i_001264,u_0057,p_0052,view,,202,2025-10-17T19:27:43
i_001265,u_0057,p_0045,view,,158,2025-09-17T12:06:43
i_001266,u_0057,p_0002,view,,187,2025-10-06T22:07:43
i_001267,u_0057,p_0008,click,,196,2025-09-02T10:27:43
i_001268,u_0057,p_0107,checkin,4.3,,2025-10-18T13:24:43
i_001269,u_0057,p_0005,view,,243,2025-09-28T19:21:43
i_001270,u_0057,p_0109,view,,240,2025-09-07T06:14:43
i_001271,u_0057,p_0034,click,,405,2025-10-12T21:58:43
i_001272,u_0057,p_0017,click,,340,2025-07-15T23:06:43
i_001273,u_0057,p_0015,view,,334,2025-08-16T08:58:43
i_001274,u_0057,p_0044,click,,165,2025-10-10T18:51:43
i_001275,u_0057,p_0038,save,,,2025-08-13T23:47:43
i_001276,u_0057,p_0049,checkin,3.3,,2025-10-15T11:08:43
i_001277,u_0057,p_0021,save,4.6,,2025-11-02T18:11:43
i_001278,u_0057,p_0112,view,,388,2025-10-01T20:32:43
i_001279,u_0057,p_0052,click,4.1,224,2025-07-25T08:54:43
i_001280,u_0058,p_0028,view,,248,2025-08-26T05:47:43
i_001281,u_0058,p_0020,click,5.0,120,2025-10-10T20:07:43
i_001282,u_0058,p_0024,view,,177,2025-10-04T18:41:43
i_001283,u_0058,p_0107,view,,181,2025-08-09T03:31:43
i_001284,u_0058,p_0032,view,,403,2025-08-23T11:31:43
i_001285,u_0058,p_0107,view,,167,2025-08-13T02:59:43
i_001286,u_0058,p_0029,click,3.9,316,2025-10-03T04:24:43
i_001287,u_0058,p_0110,view,,214,2025-08-05T13:29:43
i_001288,u_0058,p_0034,view,,393,2025-10-18T07:43:43
i_001289,u_0058,p_0002,save,,,2025-08-22T06:33:43
i_001290,u_0058,p_0030,view,,213,2025-08-26T21:54:43
i_001291,u_0058,p_0053,checkin,,,2025-08-01T21:05:43
i_001292,u_0058,p_0008,view,,198,2025-08-12T11:36:43
i_001293,u_0058,p_0112,view,,191,2025-10-28T04:36:43
i_001294,u_0058,p_0113,view,,224,2025-10-11T17:08:43
i_001295,u_0058,p_0001,view,,242,2025-08-17T11:29:43
i_001296,u_0058,p_0105,save,3.6,,2025-08-29T23:28:43
i_001297,u_0058,p_0042,view,,215,2025-08-28T13:24:43
i_001298,u_0058,p_0021,click,4.0,253,2025-08-10T03:50:43
i_001299,u_0058,p_0103,save,4.2,,2025-09-17T00:36:43
i_001300,u_0058,p_0026,view,,228,2025-08-10T17:38:43
i_001301,u_0058,p_0049,view,,267,2025-10-26T16:51:43
i_001302,u_0058,p_0038,view,,203,2025-10-10T10:39:43
i_001303,u_0058,p_0034,click,5.0,260,2025-10-31T11:10:43
i_001304,u_0058,p_0034,click,4.0,391,2025-07-11T13:55:43
i_001305,u_0059,p_0053,click,,203,2025-08-25T19:02:43
i_001306,u_0059,p_0048,click,3.7,182,2025-08-16T18:01:43
i_001307,u_0059,p_0007,view,,110,2025-08-19T02:51:43
i_001308,u_0059,p_0044,click,4.1,183,2025-09-19T20:41:43
i_001309,u_0059,p_0033,view,,247,2025-08-29T16:49:43
i_001310,u_0059,p_0005,checkin,,,2025-09-03T02:48:43
i_001311,u_0059,p_0016,click,,196,2025-10-05T13:28:43
i_001312,u_0059,p_0051,view,,112,2025-07-20T01:30:43
i_001313,u_0059,p_0105,click,,192,2025-10-02T12:08:43
i_001314,u_0059,p_0036,view,,184,2025-10-16T08:47:43
i_001315,u_0059,p_0103,click,,232,2025-10-23T04:19:43
i_001316,u_0059,p_0036,view,,99,2025-10-09T00:35:43
i_001317,u_0059,p_0116,view,,216,2025-08-13T00:54:43
i_001318,u_0059,p_0050,view,,157,2025-08-07T20:37:43
i_001319,u_0059,p_0033,view,,256,2025-08-31T08:35:43
i_001320,u_0059,p_0045,view,,20,2025-10-26T19:17:43
i_001321,u_0059,p_0041,click,3.0,255,2025-10-07T15:55:43
i_001322,u_0059,p_0020,click,,228,2025-10-02T08:45:43
i_001323,u_0060,p_0014,click,2.9,134,2025-09-11T04:29:43
i_001324,u_0060,p_0006,click,,130,2025-10-10T14:13:43
i_001325,u_0060,p_0050,view,,133,2025-09-23T00:20:43
i_001326,u_0060,p_0034,checkin,3.7,,2025-07-11T15:58:43
i_001327,u_0060,p_0024,click,3.5,72,2025-09-26T10:10:43
i_001328,u_0060,p_0032,click,4.3,243,2025-09-28T09:09:43
i_001329,u_0060,p_0112,view,,135,2025-09-13T12:02:43
i_001330,u_0060,p_0101,view,,259,2025-08-09T02:08:43
i_001331,u_0060,p_0008,view,,151,2025-07-30T16:16:43
i_001332,u_0060,p_0028,save,4.4,,2025-10-02T08:36:43
i_001333,u_0060,p_0101,view,,241,2025-08-02T00:15:43
i_001334,u_0060,p_0027,view,,328,2025-07-20T22:42:43
i_001335,u_0060,p_0028,view,,176,2025-10-13T07:57:43
i_001336,u_0060,p_0113,save,3.2,,2025-10-14T09:51:43
i_001337,u_0060,p_0022,view,,294,2025-10-13T04:46:43
i_001338,u_0060,p_0005,view,,461,2025-09-08T18:46:43
i_001339,u_0061,p_0051,view,,114,2025-09-11T10:49:43
i_001340,u_0061,p_0110,click,,213,2025-10-21T19:48:43
i_001341,u_0061,p_0040,click,4.8,330,2025-07-12T21:10:43
i_001342,u_0061,p_0043,click,3.3,92,2025-08-11T23:47:43
i_001343,u_0061,p_0034,click,4.0,357,2025-08-17T19:21:43
i_001344,u_0061,p_0115,view,,312,2025-07-29T02:49:43
i_001345,u_0061,p_0044,view,,236,2025-08-05T16:37:43
i_001346,u_0061,p_0103,view,,274,2025-08-01T05:45:43
i_001347,u_0061,p_0114,view,,251,2025-10-22T14:44:43
i_001348,u_0061,p_0102,view,,338,2025-08-21T07:17:43
i_001349,u_0061,p_0007,view,,153,2025-10-10T17:20:43
i_001350,u_0061,p_0031,view,,183,2025-10-04T06:25:43
i_001351,u_0061,p_0038,view,,228,2025-07-16T10:43:43
i_001352,u_0061,p_0054,click,4.4,214,2025-09-07T16:58:43
i_001353,u_0061,p_0047,view,,154,2025-10-31T07:16:43
i_001354,u_0062,p_0112,save,,,2025-08-17T03:26:43
i_001355,u_0062,p_0005,save,3.7,,2025-09-01T10:08:43
i_001356,u_0062,p_0117,click,,380,2025-07-17T05:22:43
i_001357,u_0062,p_0101,click,3.1,177,2025-07-14T18:33:43
i_001358,u_0062,p_0035,view,,235,2025-08-08T11:20:43
i_001359,u_0062,p_0045,click,3.6,223,2025-07-13T02:44:43
i_001360,u_0062,p_0010,click,,229,2025-10-12T03:40:43
i_001361,u_0062,p_0028,save,,,2025-08-17T19:16:43
i_001362,u_0062,p_0013,view,,273,2025-07-21T01:34:43
i_001363,u_0062,p_0001,view,,188,2025-08-30T18:57:43
i_001364,u_0062,p_0023,click,,334,2025-09-03T06:16:43
i_001365,u_0062,p_0024,save,3.5,,2025-07-12T11:07:43
i_001366,u_0062,p_0005,view,,297,2025-08-02T10:19:43
i_001367,u_0062,p_0030,save,5.0,,2025-11-05T05:14:43
i_001368,u_0062,p_0041,click,,416,2025-08-05T04:55:43
i_001369,u_0062,p_0022,view,,141,2025-10-14T14:50:43
i_001370,u_0062,p_0107,view,,217,2025-09-07T10:28:43
i_001371,u_0062,p_0027,view,,253,2025-07-24T12:07:43
i_001372,u_0062,p_0049,save,,,2025-09-21T04:24:43
i_001373,u_0062,p_0034,view,,291,2025-07-16T11:05:43
i_001374,u_0062,p_0103,checkin,,,2025-11-02T16:31:43
i_001375,u_0062,p_0037,click,4.4,303,2025-08-27T12:22:43
i_001376,u_0062,p_0053,view,,237,2025-10-20T02:39:43
i_001377,u_0062,p_0113,view,,280,2025-10-16T18:15:43
i_001378,u_0062,p_0118,click,4.5,312,2025-10-30T23:44:43
i_001379,u_0062,p_0024,view,,246,2025-10-02T01:23:43
i_001380,u_0062,p_0042,view,,196,2025-08-03T15:02:43
i_001381,u_0062,p_0019,view,,249,2025-10-22T13:03:43
i_001382,u_0062,p_0029,checkin,4.0,,2025-07-28T08:28:43
i_001383,u_0063,p_0013,view,,229,2025-09-04T07:01:43
i_001384,u_0063,p_0018,view,,23,2025-08-27T23:11:43
i_001385,u_0063,p_0030,click,4.0,237,2025-09-29T12:13:43
i_001386,u_0063,p_0117,save,4.7,,2025-07-14T13:59:43
i_001387,u_0063,p_0028,view,,307,2025-10-29T00:27:43
i_001388,u_0063,p_0009,click,3.9,305,2025-08-07T23:08:43
i_001389,u_0063,p_0005,view,,160,2025-08-19T01:59:43
i_001390,u_0063,p_0020,view,,306,2025-09-04T04:14:43
i_001391,u_0063,p_0027,save,4.5,,2025-08-14T09:47:43
i_001392,u_0063,p_0106,checkin,3.6,,2025-08-04T14:59:43
i_001393,u_0063,p_0040,view,,253,2025-10-20T06:30:43
i_001394,u_0063,p_0006,click,3.0,220,2025-09-01T16:42:43
i_001395,u_0063,p_0030,view,,402,2025-10-22T14:00:43
i_001396,u_0063,p_0006,view,,225,2025-10-21T21:35:43
i_001397,u_0063,p_0042,checkin,,,2025-09-28T07:38:43
i_001398,u_0063,p_0032,save,4.5,,2025-09-18T12:27:43
i_001399,u_0063,p_0117,save,,,2025-10-23T15:19:43
i_001400,u_0063,p_0048,view,,199,2025-10-13T18:43:43
i_001401,u_0063,p_0115,click,4.3,192,2025-07-25T02:22:43
i_001402,u_0063,p_0022,checkin,,,2025-09-19T11:56:43
i_001403,u_0063,p_0044,save,3.8,,2025-08-08T20:05:43
i_001404,u_0063,p_0008,view,,330,2025-09-06T07:15:43
i_001405,u_0063,p_0021,click,,157,2025-08-17T20:57:43
i_001406,u_0064,p_0103,click,3.2,238,2025-09-04T19:06:43
i_001407,u_0064,p_0001,click,,182,2025-10-08T00:31:43
i_001408,u_0064,p_0048,save,4.7,,2025-10-30T11:15:43
i_001409,u_0064,p_0040,view,,343,2025-10-09T06:56:43
i_001410,u_0064,p_0035,view,,347,2025-07-13T06:11:43
i_001411,u_0064,p_0042,checkin,,,2025-10-31T06:29:43
i_001412,u_0064,p_0045,view,,213,2025-08-07T01:42:43
i_001413,u_0064,p_0119,save,,,2025-09-28T00:30:43
i_001414,u_0064,p_0017,save,,,2025-07-14T05:27:43
i_001415,u_0064,p_0022,click,4.2,91,2025-07-07T20:51:43
i_001416,u_0064,p_0021,view,,262,2025-10-26T18:34:43
i_001417,u_0064,p_0001,view,,335,2025-10-14T03:58:43
i_001418,u_0064,p_0030,view,,210,2025-08-21T00:22:43
i_001419,u_0064,p_0005,click,3.6,182,2025-10-18T06:15:43
i_001420,u_0064,p_0032,view,,240,2025-08-20T01:53:43
i_001421,u_0064,p_0046,checkin,3.9,,2025-10-07T12:43:43
i_001422,u_0064,p_0030,view,,193,2025-08-26T10:10:43
i_001423,u_0064,p_0023,view,,178,2025-09-13T15:33:43
i_001424,u_0064,p_0040,view,,233,2025-08-27T16:15:43
i_001425,u_0064,p_0033,view,,293,2025-08-30T11:00:43
i_001426,u_0064,p_0105,view,,294,2025-10-19T20:39:43
i_001427,u_0064,p_0048,click,,227,2025-08-08T14:20:43
i_001428,u_0064,p_0051,click,4.0,366,2025-10-21T08:55:43
i_001429,u_0064,p_0043,view,,104,2025-10-17T17:16:43
i_001430,u_0064,p_0023,view,,293,2025-09-24T14:58:43
i_001431,u_0064,p_0117,view,,326,2025-09-12T18:24:43
i_001432,u_0064,p_0044,click,4.5,244,2025-09-08T07:18:43
i_001433,u_0064,p_0022,view,,125,2025-09-13T19:18:43
i_001434,u_0064,p_0009,view,,76,2025-08-05T22:35:43
i_001435,u_0064,p_0042,click,4.4,198,2025-09-16T02:00:43
i_001436,u_0065,p_0007,save,,,2025-10-13T21:06:43
i_001437,u_0065,p_0053,view,,330,2025-11-03T17:00:43
i_001438,u_0065,p_0027,view,,350,2025-08-14T06:09:43
i_001439,u_0065,p_0033,view,,204,2025-09-17T04:55:43
i_001440,u_0065,p_0038,view,,321,2025-09-25T23:14:43
i_001441,u_0065,p_0112,checkin,4.3,,2025-09-17T17:07:43
i_001442,u_0065,p_0026,view,,182,2025-09-13T08:17:43
i_001443,u_0065,p_0021,checkin,4.6,,2025-10-25T01:57:43
i_001444,u_0065,p_0017,checkin,3.1,,2025-10-30T23:06:43
i_001445,u_0065,p_0027,view,,274,2025-09-08T16:41:43
i_001446,u_0065,p_0035,view,,153,2025-08-21T11:43:43
i_001447,u_0065,p_0023,click,,166,2025-07-24T16:13:43
i_001448,u_0065,p_0115,view,,159,2025-11-04T19:48:43
i_001449,u_0065,p_0043,view,,27,2025-09-22T19:36:43
i_001450,u_0065,p_0051,click,4.3,325,2025-08-04T09:56:43
i_001451,u_0065,p_0034,save,,,2025-11-01T01:47:43
i_001452,u_0066,p_0039,view,,180,2025-08-25T23:32:43
i_001453,u_0066,p_0044,click,,273,2025-07-24T17:34:43
i_001454,u_0066,p_0023,save,,,2025-08-15T22:09:43
i_001455,u_0066,p_0041,view,,231,2025-09-10T12:52:43
i_001456,u_0066,p_0037,view,,244,2025-10-12T02:56:43
i_001457,u_0066,p_0047,view,,238,2025-09-27T01:08:43
i_001458,u_0066,p_0005,click,,253,2025-07-24T00:45:43
i_001459,u_0066,p_0035,click,,259,2025-10-30T13:36:43
i_001460,u_0066,p_0027,view,,238,2025-09-02T09:26:43
i_001461,u_0066,p_0022,checkin,3.9,,2025-10-06T03:22:43
i_001462,u_0066,p_0053,save,3.7,,2025-09-04T02:14:43
i_001463,u_0066,p_0034,view,,360,2025-08-29T22:45:43
i_001464,u_0066,p_0112,view,,272,2025-10-18T08:12:43
i_001465,u_0066,p_0046,checkin,3.9,,2025-09-28T11:14:43
i_001466,u_0066,p_0040,view,,175,2025-07-18T22:34:43
i_001467,u_0066,p_0047,save,,,2025-08-13T06:15:43
i_001468,u_0066,p_0038,click,4.5,102,2025-11-05T13:37:43
i_001469,u_0066,p_0103,click,4.4,256,2025-09-06T05:11:43
i_001470,u_0066,p_0106,click,,238,2025-09-22T15:05:43
i_001471,u_0066,p_0104,save,3.4,,2025-10-14T13:46:43
i_001472,u_0066,p_0029,click,,211,2025-08-16T03:27:43
i_001473,u_0066,p_0040,view,,182,2025-10-16T18:55:43
i_001474,u_0066,p_0032,view,,291,2025-07-12T22:49:43
i_001475,u_0067,p_0001,save,4.7,,2025-09-26T16:19:43
i_001476,u_0067,p_0029,click,,123,2025-09-14T23:14:43
i_001477,u_0067,p_0112,click,,440,2025-08-31T10:02:43
i_001478,u_0067,p_0009,view,,269,2025-08-31T14:23:43
i_001479,u_0067,p_0037,view,,295,2025-07-20T17:28:43
i_001480,u_0067,p_0040,view,,219,2025-08-29T21:15:43
i_001481,u_0067,p_0020,checkin,,,2025-08-26T20:13:43
i_001482,u_0067,p_0025,view,,273,2025-09-29T11:24:43
i_001483,u_0067,p_0030,save,5.0,,2025-08-29T00:28:43
i_001484,u_0067,p_0107,view,,153,2025-09-08T07:15:43
i_001485,u_0067,p_0005,checkin,5.0,,2025-09-29T14:35:43
i_001486,u_0067,p_0025,view,,251,2025-10-27T02:12:43
i_001487,u_0067,p_0118,click,4.6,197,2025-10-15T09:59:43
i_001488,u_0067,p_0035,view,,292,2025-07-13T17:24:43
i_001489,u_0067,p_0003,view,,163,2025-09-17T20:14:43
i_001490,u_0067,p_0049,click,4.3,241,2025-08-26T21:43:43
i_001491,u_0067,p_0031,click,,251,2025-07-09T00:17:43
i_001492,u_0067,p_0103,click,4.3,277,2025-10-26T23:37:43
i_001493,u_0067,p_0029,save,,,2025-10-28T18:28:43
i_001494,u_0067,p_0033,click,,171,2025-09-12T21:00:43
i_001495,u_0067,p_0016,click,,124,2025-07-21T03:03:43
i_001496,u_0068,p_0017,click,,157,2025-09-08T09:46:43
i_001497,u_0068,p_0021,view,,201,2025-07-27T00:23:43
i_001498,u_0068,p_0051,view,,305,2025-09-30T03:14:43
i_001499,u_0068,p_0034,view,,355,2025-08-10T16:46:43
i_001500,u_0068,p_0118,view,,200,2025-10-10T08:38:43
i_001501,u_0068,p_0112,click,3.7,275,2025-09-30T13:47:43
i_001502,u_0068,p_0040,click,,294,2025-07-19T18:50:43
i_001503,u_0068,p_0044,click,4.5,502,2025-07-26T22:35:43
i_001504,u_0068,p_0028,view,,296,2025-08-08T04:38:43
i_001505,u_0068,p_0027,checkin,,,2025-07-23T17:37:43
i_001506,u_0068,p_0111,view,,300,2025-10-02T16:38:43
i_001507,u_0068,p_0021,view,,318,2025-07-25T11:38:43
i_001508,u_0068,p_0021,checkin,4.5,,2025-07-09T15:20:43
i_001509,u_0068,p_0054,save,,,2025-08-05T06:00:43
i_001510,u_0068,p_0132,save,,,2025-09-15T06:04:43
i_001511,u_0068,p_0103,save,,,2025-07-14T21:26:43
i_001512,u_0068,p_0114,view,,148,2025-10-06T04:19:43
i_001513,u_0068,p_0043,view,,201,2025-10-19T18:16:43
i_001514,u_0068,p_0049,click,,251,2025-08-24T01:11:43
i_001515,u_0069,p_0043,view,,415,2025-08-18T23:48:43
i_001516,u_0069,p_0031,view,,270,2025-07-16T20:56:43
i_001517,u_0069,p_0040,view,,315,2025-07-18T22:04:43
i_001518,u_0069,p_0051,click,3.5,108,2025-08-16T15:26:43
i_001519,u_0069,p_0117,view,,207,2025-10-30T00:47:43
i_001520,u_0069,p_0106,click,,201,2025-07-28T07:13:43
i_001521,u_0069,p_0021,click,4.8,410,2025-10-09T17:54:43
i_001522,u_0069,p_0054,view,,387,2025-10-22T04:49:43
i_001523,u_0069,p_0045,save,4.1,,2025-09-06T19:19:43
i_001524,u_0069,p_0001,view,,275,2025-10-17T11:53:43
i_001525,u_0069,p_0040,view,,243,2025-08-03T16:46:43
i_001526,u_0069,p_0008,click,3.3,126,2025-08-01T15:27:43
i_001527,u_0069,p_0053,click,,74,2025-07-07T18:40:43
i_001528,u_0069,p_0032,save,,,2025-09-01T23:51:43
i_001529,u_0069,p_0022,click,4.1,167,2025-09-09T19:06:43
i_001530,u_0069,p_0033,checkin,3.8,,2025-10-30T10:31:43
i_001531,u_0069,p_0107,view,,251,2025-10-22T00:44:43
i_001532,u_0069,p_0048,click,,287,2025-07-12T13:18:43
i_001533,u_0069,p_0001,click,,251,2025-10-13T03:09:43
i_001534,u_0069,p_0113,save,4.7,,2025-10-14T04:43:43
i_001535,u_0069,p_0034,click,,358,2025-07-13T01:07:43
i_001536,u_0069,p_0007,click,,124,2025-08-25T03:57:43
i_001537,u_0069,p_0038,click,3.8,111,2025-09-22T16:42:43
i_001538,u_0069,p_0053,save,4.6,,2025-09-02T21:13:43
i_001539,u_0069,p_0021,view,,383,2025-08-22T19:46:43
i_001540,u_0069,p_0039,save,4.2,,2025-09-07T05:06:43
i_001541,u_0069,p_0051,view,,175,2025-10-03T21:31:43
i_001542,u_0069,p_0048,click,4.4,265,2025-07-24T20:37:43
i_001543,u_0070,p_0047,click,,218,2025-10-06T14:48:43
i_001544,u_0070,p_0054,checkin,2.8,,2025-09-18T19:36:43
i_001545,u_0070,p_0013,click,3.1,132,2025-07-19T17:12:43
i_001546,u_0070,p_0030,view,,322,2025-09-09T15:50:43
i_001547,u_0070,p_0023,view,,148,2025-09-05T00:38:43
i_001548,u_0070,p_0107,checkin,3.7,,2025-08-25T16:18:43
i_001549,u_0070,p_0015,view,,218,2025-09-22T00:29:43
i_001550,u_0070,p_0112,view,,301,2025-08-25T00:01:43
i_001551,u_0070,p_0020,view,,272,2025-09-26T18:28:43
i_001552,u_0070,p_0107,view,,237,2025-10-18T11:08:43
i_001553,u_0070,p_0047,view,,154,2025-08-06T13:17:43
i_001554,u_0070,p_0038,view,,248,2025-09-11T16:33:43
i_001555,u_0070,p_0023,view,,203,2025-09-28T03:23:43
i_001556,u_0070,p_0043,view,,282,2025-07-08T04:14:43
i_001557,u_0070,p_0041,view,,157,2025-07-09T10:14:43
i_001558,u_0070,p_0032,view,,166,2025-08-05T15:05:43
i_001559,u_0070,p_0054,save,5.0,,2025-10-27T05:32:43
i_001560,u_0070,p_0045,view,,161,2025-10-21T02:41:43
i_001561,u_0070,p_0047,click,3.4,99,2025-07-13T04:42:43
i_001562,u_0070,p_0008,view,,294,2025-08-28T15:20:43
i_001563,u_0070,p_0047,click,,159,2025-07-21T22:35:43
i_001564,u_0070,p_0113,view,,103,2025-08-27T21:14:43
i_001565,u_0070,p_0023,click,5.0,351,2025-10-27T04:02:43
i_001566,u_0070,p_0048,view,,342,2025-10-07T19:41:43
i_001567,u_0070,p_0030,view,,223,2025-10-12T10:04:43
i_001568,u_0070,p_0051,view,,175,2025-08-18T18:13:43
i_001569,u_0070,p_0035,view,,214,2025-08-20T08:31:43
i_001570,u_0071,p_0048,click,,377,2025-09-18T23:53:43
i_001571,u_0071,p_0047,click,,197,2025-07-21T08:13:43
i_001572,u_0071,p_0053,click,5.0,87,2025-07-31T01:19:43
i_001573,u_0071,p_0002,view,,116,2025-09-15T11:29:43
i_001574,u_0071,p_0116,view,,334,2025-08-28T01:48:43
i_001575,u_0071,p_0027,view,,198,2025-07-15T19:44:43
i_001576,u_0071,p_0031,click,5.0,271,2025-08-19T00:27:43
i_001577,u_0071,p_0033,view,,344,2025-11-04T18:58:43
i_001578,u_0071,p_0044,view,,281,2025-08-01T03:16:43
i_001579,u_0071,p_0050,click,,127,2025-11-01T11:55:43
i_001580,u_0071,p_0054,click,,192,2025-09-27T19:33:43
i_001581,u_0071,p_0038,view,,207,2025-10-11T08:36:43
i_001582,u_0071,p_0001,save,,,2025-08-30T06:38:43
i_001583,u_0071,p_0105,save,4.2,,2025-08-07T07:03:43
i_001584,u_0071,p_0045,view,,106,2025-08-20T07:11:43
i_001585,u_0071,p_0040,click,4.3,212,2025-10-09T08:24:43
i_001586,u_0071,p_0034,save,4.3,,2025-08-05T21:42:43
i_001587,u_0071,p_0049,click,3.7,75,2025-08-25T15:43:43
i_001588,u_0071,p_0008,save,2.8,,2025-08-24T02:59:43
i_001589,u_0071,p_0015,view,,178,2025-08-11T18:46:43
i_001590,u_0071,p_0034,click,,309,2025-07-19T11:52:43
i_001591,u_0071,p_0012,checkin,5.0,,2025-11-03T10:25:43
i_001592,u_0071,p_0045,view,,203,2025-11-03T10:44:43
i_001593,u_0071,p_0019,save,4.1,,2025-10-25T23:38:43
i_001594,u_0071,p_0103,click,,175,2025-08-31T17:09:43
i_001595,u_0072,p_0039,click,,346,2025-08-15T22:50:43
i_001596,u_0072,p_0030,view,,157,2025-11-05T15:34:43
i_001597,u_0072,p_0039,view,,245,2025-09-06T17:48:43
i_001598,u_0072,p_0091,save,4.6,,2025-08-03T09:16:43
i_001599,u_0072,p_0075,click,3.1,250,2025-10-25T03:16:43
i_001600,u_0072,p_0069,click,4.4,128,2025-07-08T05:43:43
i_001601,u_0072,p_0084,view,,158,2025-09-17T02:40:43
i_001602,u_0072,p_0039,view,,51,2025-07-20T03:25:43
i_001603,u_0072,p_0070,view,,273,2025-09-06T10:26:43
i_001604,u_0072,p_0032,view,,113,2025-10-31T06:09:43
i_001605,u_0072,p_0028,checkin,3.9,,2025-09-23T17:43:43
i_001606,u_0072,p_0095,click,4.1,303,2025-08-28T07:28:43
i_001607,u_0072,p_0027,view,,254,2025-07-27T03:53:43
i_001608,u_0072,p_0088,click,,108,2025-09-22T22:33:43
i_001609,u_0072,p_0076,click,,326,2025-10-13T11:06:43
i_001610,u_0072,p_0081,save,4.7,,2025-07-11T13:34:43
i_001611,u_0072,p_0040,view,,272,2025-10-06T04:04:43
i_001612,u_0072,p_0028,click,3.9,20,2025-10-26T02:07:43
i_001613,u_0072,p_0020,view,,368,2025-10-07T05:00:43
i_001614,u_0072,p_0082,save,,,2025-08-31T19:32:43
i_001615,u_0072,p_0023,view,,102,2025-10-22T16:37:43
i_001616,u_0072,p_0083,click,,276,2025-09-27T09:07:43
i_001617,u_0072,p_0029,view,,151,2025-07-25T22:48:43
i_001618,u_0072,p_0045,click,4.6,179,2025-07-14T01:22:43
i_001619,u_0073,p_0033,view,,41,2025-09-24T00:13:43
i_001620,u_0073,p_0025,click,4.5,222,2025-10-25T16:50:43
i_001621,u_0073,p_0083,click,3.3,104,2025-10-05T11:17:43
i_001622,u_0073,p_0083,view,,278,2025-10-07T19:16:43
i_001623,u_0073,p_0075,click,5.0,127,2025-09-29T08:44:43
i_001624,u_0073,p_0032,click,3.7,170,2025-07-19T23:04:43
i_001625,u_0073,p_0081,click,4.3,249,2025-08-01T04:37:43
i_001626,u_0073,p_0037,view,,234,2025-11-05T08:19:43
i_001627,u_0073,p_0069,save,4.3,,2025-10-19T04:30:43
i_001628,u_0073,p_0089,click,4.0,85,2025-10-16T18:35:43
i_001629,u_0073,p_0083,click,3.6,204,2025-07-11T20:12:43
i_001630,u_0073,p_0073,view,,146,2025-10-13T15:36:43
i_001631,u_0073,p_0068,click,,178,2025-10-10T09:18:43
i_001632,u_0073,p_0046,click,2.1,195,2025-08-28T05:01:43
i_001633,u_0073,p_0070,click,2.6,274,2025-10-16T04:13:43
i_001634,u_0073,p_0098,click,,301,2025-10-04T06:07:43
i_001635,u_0073,p_0075,view,,158,2025-10-02T00:36:43
i_001636,u_0073,p_0028,checkin,2.7,,2025-07-22T08:34:43
i_001637,u_0073,p_0071,click,3.6,184,2025-08-03T14:04:43
i_001638,u_0073,p_0053,click,,202,2025-09-18T09:30:43
i_001639,u_0074,p_0039,view,,269,2025-07-27T05:58:43
i_001640,u_0074,p_0090,save,,,2025-11-03T06:35:43
i_001641,u_0074,p_0051,click,,142,2025-07-26T10:41:43
i_001642,u_0074,p_0075,view,,20,2025-11-04T09:23:43
i_001643,u_0074,p_0032,click,,199,2025-07-14T02:56:43
i_001644,u_0074,p_0044,view,,243,2025-10-27T13:27:43
i_001645,u_0074,p_0050,click,3.6,105,2025-09-23T16:00:43
i_001646,u_0074,p_0033,checkin,3.7,,2025-09-22T11:47:43
i_001647,u_0074,p_0078,view,,333,2025-09-16T21:02:43
i_001648,u_0074,p_0037,click,,436,2025-10-05T20:43:43
i_001649,u_0074,p_0075,checkin,4.1,,2025-08-25T00:53:43
i_001650,u_0074,p_0086,click,3.5,284,2025-09-18T09:15:43
i_001651,u_0074,p_0076,view,,219,2025-08-27T07:20:43
i_001652,u_0074,p_0068,view,,280,2025-09-17T15:19:43
i_001653,u_0074,p_0090,click,,234,2025-09-10T00:43:43
i_001654,u_0074,p_0096,checkin,3.1,,2025-07-31T04:07:43
i_001655,u_0074,p_0100,checkin,,,2025-10-12T05:42:43
i_001656,u_0074,p_0031,view,,139,2025-09-06T07:53:43
i_001657,u_0074,p_0094,view,,327,2025-07-13T13:13:43
i_001658,u_0074,p_0085,click,,155,2025-09-14T04:13:43
i_001659,u_0075,p_0049,view,,84,2025-08-19T18:23:43
i_001660,u_0075,p_0078,checkin,,,2025-09-23T19:11:43
i_001661,u_0075,p_0080,click,4.0,266,2025-10-18T06:22:43
i_001662,u_0075,p_0074,view,,143,2025-07-30T03:15:43
i_001663,u_0075,p_0096,save,4.0,,2025-10-01T16:21:43
i_001664,u_0075,p_0036,save,,,2025-11-03T00:04:43
i_001665,u_0075,p_0080,view,,195,2025-10-20T07:13:43
i_001666,u_0075,p_0051,save,,,2025-07-29T23:37:43
i_001667,u_0075,p_0072,view,,223,2025-11-05T13:28:43
i_001668,u_0075,p_0038,click,3.0,237,2025-10-17T03:53:43
i_001669,u_0075,p_0072,checkin,4.3,,2025-09-29T11:28:43
i_001670,u_0075,p_0070,save,,,2025-08-23T11:09:43
i_001671,u_0075,p_0045,view,,373,2025-07-26T12:46:43
i_001672,u_0075,p_0088,checkin,3.8,,2025-10-20T17:23:43
i_001673,u_0075,p_0039,save,4.8,,2025-08-05T08:19:43
i_001674,u_0075,p_0093,save,4.4,,2025-08-21T11:42:43
i_001675,u_0075,p_0083,view,,110,2025-10-12T09:11:43
i_001676,u_0076,p_0026,view,,141,2025-08-16T06:00:43
i_001677,u_0076,p_0075,save,,,2025-07-23T04:04:43
i_001678,u_0076,p_0089,view,,300,2025-07-31T01:13:43
i_001679,u_0076,p_0020,click,4.1,286,2025-09-28T00:42:43
i_001680,u_0076,p_0068,click,5.0,190,2025-09-16T08:48:43
i_001681,u_0076,p_0081,click,4.8,307,2025-09-15T22:54:43
i_001682,u_0076,p_0048,click,3.0,176,2025-10-02T18:37:43
i_001683,u_0076,p_0100,click,,273,2025-09-26T11:09:43
i_001684,u_0076,p_0072,click,4.9,118,2025-09-05T21:54:43
i_001685,u_0076,p_0079,view,,177,2025-09-22T13:05:43
i_001686,u_0076,p_0024,view,,191,2025-10-20T10:57:43
i_001687,u_0076,p_0038,view,,91,2025-10-06T10:34:43
i_001688,u_0076,p_0037,view,,263,2025-07-30T01:12:43
i_001689,u_0076,p_0022,click,,247,2025-08-07T16:08:43
i_001690,u_0076,p_0044,view,,288,2025-07-31T13:09:43
i_001691,u_0076,p_0090,view,,210,2025-09-03T07:02:43
i_001692,u_0076,p_0068,view,,185,2025-10-23T06:58:43
i_001693,u_0076,p_0077,view,,197,2025-10-18T05:55:43
i_001694,u_0076,p_0036,checkin,,,2025-09-20T05:54:43
i_001695,u_0077,p_0086,view,,286,2025-07-19T02:06:43
i_001696,u_0077,p_0037,click,,211,2025-10-26T16:52:43
i_001697,u_0077,p_0089,checkin,4.0,,2025-08-04T19:34:43
i_001698,u_0077,p_0092,click,,85,2025-07-29T07:58:43
i_001699,u_0077,p_0083,save,3.3,,2025-11-03T03:00:43
i_001700,u_0077,p_0081,view,,187,2025-10-12T02:31:43
i_001701,u_0077,p_0034,checkin,,,2025-08-15T07:21:43
i_001702,u_0077,p_0094,view,,142,2025-09-22T14:06:43
i_001703,u_0077,p_0096,checkin,4.0,,2025-10-02T05:45:43
i_001704,u_0077,p_0027,click,,199,2025-09-23T17:44:43
i_001705,u_0077,p_0039,save,4.2,,2025-07-30T02:17:43
i_001706,u_0077,p_0081,view,,193,2025-07-24T15:20:43
i_001707,u_0077,p_0081,view,,75,2025-09-14T08:08:43
i_001708,u_0077,p_0032,checkin,3.2,,2025-08-07T01:07:43
i_001709,u_0077,p_0084,checkin,4.6,,2025-07-16T04:45:43
i_001710,u_0077,p_0076,click,4.1,131,2025-08-07T11:43:43
i_001711,u_0077,p_0076,view,,245,2025-08-23T19:17:43
i_001712,u_0077,p_0069,view,,47,2025-07-27T12:43:43
i_001713,u_0077,p_0095,view,,182,2025-09-02T00:22:43
i_001714,u_0077,p_0068,view,,231,2025-09-16T21:11:43
i_001715,u_0077,p_0080,view,,319,2025-08-20T06:54:43
i_001716,u_0077,p_0092,click,,293,2025-07-19T13:22:43
i_001717,u_0077,p_0072,click,5.0,170,2025-08-31T13:13:43
i_001718,u_0078,p_0069,click,2.5,170,2025-07-22T02:18:43
i_001719,u_0078,p_0072,click,,246,2025-07-30T06:51:43
i_001720,u_0078,p_0049,save,,,2025-11-03T19:02:43
i_001721,u_0078,p_0045,click,4.4,232,2025-09-21T18:09:43
i_001722,u_0078,p_0093,view,,111,2025-10-15T01:35:43
i_001723,u_0078,p_0084,view,,123,2025-10-03T12:20:43
i_001724,u_0078,p_0100,view,,291,2025-07-18T13:42:43
i_001725,u_0078,p_0036,view,,433,2025-09-23T06:22:43
i_001726,u_0078,p_0073,click,4.5,199,2025-10-10T14:42:43
i_001727,u_0078,p_0049,view,,196,2025-10-31T03:43:43
i_001728,u_0078,p_0081,click,4.1,267,2025-10-20T12:38:43
i_001729,u_0078,p_0076,click,,308,2025-08-07T03:25:43
i_001730,u_0078,p_0053,save,,,2025-11-02T20:25:43
i_001731,u_0078,p_0034,click,,204,2025-07-16T11:03:43
i_001732,u_0078,p_0020,checkin,,,2025-07-26T20:31:43
i_001733,u_0078,p_0044,click,,372,2025-09-09T19:52:43
i_001734,u_0079,p_0084,click,,156,2025-09-01T04:27:43
i_001735,u_0079,p_0029,view,,225,2025-07-14T03:55:43
i_001736,u_0079,p_0077,click,4.4,207,2025-08-12T12:47:43
i_001737,u_0079,p_0022,view,,131,2025-09-26T15:16:43
i_001738,u_0079,p_0053,checkin,4.8,,2025-07-12T17:47:43
i_001739,u_0079,p_0022,checkin,4.9,,2025-08-22T00:14:43
i_001740,u_0079,p_0098,view,,139,2025-08-27T10:09:43
i_001741,u_0079,p_0078,view,,257,2025-09-07T23:19:43
i_001742,u_0079,p_0049,save,,,2025-07-11T22:20:43
i_001743,u_0079,p_0082,view,,298,2025-08-26T11:35:43
i_001744,u_0079,p_0022,click,4.0,130,2025-09-20T06:34:43
i_001745,u_0079,p_0069,save,4.1,,2025-10-27T15:48:43
i_001746,u_0079,p_0081,click,4.1,284,2025-07-19T06:17:43
i_001747,u_0079,p_0090,click,3.8,298,2025-07-08T10:00:43
i_001748,u_0079,p_0075,view,,152,2025-09-08T23:53:43
i_001749,u_0079,p_0090,view,,261,2025-08-14T12:31:43
i_001750,u_0079,p_0076,click,,236,2025-10-30T00:45:43
i_001751,u_0079,p_0020,view,,229,2025-08-16T20:02:43
i_001752,u_0079,p_0099,view,,158,2025-07-08T19:40:43
i_001753,u_0079,p_0023,checkin,,,2025-08-28T11:25:43
i_001754,u_0079,p_0099,view,,107,2025-08-17T14:22:43
i_001755,u_0079,p_0070,view,,235,2025-08-04T21:40:43
i_001756,u_0079,p_0092,click,,217,2025-11-02T07:42:43
i_001757,u_0080,p_0039,view,,267,2025-09-06T13:22:43
i_001758,u_0080,p_0076,view,,239,2025-08-09T16:51:43
i_001759,u_0080,p_0076,click,,244,2025-10-01T11:13:43
i_001760,u_0080,p_0075,view,,121,2025-10-16T02:58:43
i_001761,u_0080,p_0091,checkin,,,2025-11-05T08:30:43
i_001762,u_0080,p_0074,view,,298,2025-09-17T19:41:43
i_001763,u_0080,p_0045,click,3.6,237,2025-07-11T00:47:43
i_001764,u_0080,p_0072,checkin,,,2025-09-20T09:00:43
i_001765,u_0080,p_0023,view,,59,2025-10-10T14:50:43
i_001766,u_0080,p_0046,view,,130,2025-09-04T02:45:43
i_001767,u_0080,p_0099,view,,20,2025-10-13T18:53:43
i_001768,u_0080,p_0089,view,,298,2025-07-25T05:52:43
i_001769,u_0080,p_0079,view,,116,2025-08-18T21:52:43
i_001770,u_0080,p_0097,click,,229,2025-07-08T00:42:43
i_001771,u_0080,p_0036,click,,153,2025-10-24T22:57:43
i_001772,u_0080,p_0033,view,,183,2025-08-27T07:04:43
i_001773,u_0080,p_0071,view,,249,2025-10-01T23:13:43
i_001774,u_0080,p_0029,click,,69,2025-08-10T00:09:43
i_001775,u_0081,p_0049,click,3.5,119,2025-08-22T10:32:43
i_001776,u_0081,p_0069,click,,248,2025-08-24T15:07:43
i_001777,u_0081,p_0075,view,,324,2025-11-03T12:19:43
i_001778,u_0081,p_0050,click,3.3,40,2025-10-18T12:59:43
i_001779,u_0081,p_0082,view,,91,2025-10-22T19:35:43
i_001780,u_0081,p_0020,view,,350,2025-10-17T23:05:43
i_001781,u_0081,p_0095,view,,257,2025-09-12T22:50:43
i_001782,u_0081,p_0030,view,,130,2025-10-28T05:04:43
i_001783,u_0081,p_0033,click,,230,2025-09-11T20:44:43
i_001784,u_0081,p_0081,view,,252,2025-11-02T08:16:43
i_001785,u_0081,p_0036,save,3.9,,2025-08-21T23:52:43
i_001786,u_0081,p_0086,click,,20,2025-07-30T22:00:43
i_001787,u_0081,p_0034,view,,246,2025-09-02T00:39:43
i_001788,u_0081,p_0040,view,,207,2025-07-12T16:26:43
i_001789,u_0081,p_0074,view,,278,2025-07-25T06:54:43
i_001790,u_0081,p_0090,click,,253,2025-10-16T06:24:43
i_001791,u_0081,p_0051,click,,119,2025-08-18T03:11:43
i_001792,u_0081,p_0074,view,,231,2025-09-29T21:31:43
i_001793,u_0081,p_0044,checkin,,,2025-07-19T15:37:43
i_001794,u_0081,p_0039,save,5.0,,2025-08-24T10:17:43
i_001795,u_0081,p_0047,click,,222,2025-07-25T11:18:43
i_001796,u_0081,p_0074,save,4.0,,2025-10-15T21:45:43
i_001797,u_0081,p_0021,save,,,2025-10-25T17:42:43
i_001798,u_0081,p_0037,view,,286,2025-10-12T19:41:43
i_001799,u_0081,p_0100,click,,233,2025-09-22T11:08:43
i_001800,u_0081,p_0071,view,,157,2025-10-30T15:48:43
i_001801,u_0081,p_0028,view,,76,2025-10-26T08:50:43
i_001802,u_0081,p_0075,view,,200,2025-09-10T20:12:43
i_001803,u_0082,p_0069,click,4.1,245,2025-10-03T04:43:43
i_001804,u_0082,p_0023,save,,,2025-10-22T17:22:43
i_001805,u_0082,p_0098,click,4.5,229,2025-09-28T20:51:43
i_001806,u_0082,p_0039,view,,324,2025-09-29T22:36:43
i_001807,u_0082,p_0048,save,,,2025-07-21T20:57:43
i_001808,u_0082,p_0096,view,,161,2025-08-03T01:31:43
i_001809,u_0082,p_0080,click,4.3,177,2025-08-03T21:32:43
i_001810,u_0082,p_0074,checkin,,,2025-08-12T01:59:43
i_001811,u_0082,p_0096,save,3.7,,2025-11-02T03:51:43
i_001812,u_0082,p_0074,click,4.2,317,2025-10-06T01:18:43
i_001813,u_0082,p_0079,view,,206,2025-07-30T23:09:43
i_001814,u_0082,p_0080,save,4.1,,2025-09-09T13:23:43
i_001815,u_0082,p_0089,click,4.4,105,2025-07-12T09:11:43
i_001816,u_0082,p_0096,checkin,3.0,,2025-09-01T10:25:43
i_001817,u_0082,p_0084,click,,250,2025-09-06T20:10:43
i_001818,u_0082,p_0040,click,4.9,292,2025-08-19T20:51:43
i_001819,u_0082,p_0090,view,,235,2025-08-12T00:06:43
i_001820,u_0082,p_0074,view,,184,2025-08-14T05:45:43
i_001821,u_0082,p_0074,click,,224,2025-10-18T09:39:43
i_001822,u_0082,p_0086,view,,192,2025-07-08T06:59:43
i_001823,u_0082,p_0048,view,,62,2025-09-11T08:32:43
i_001824,u_0082,p_0071,view,,58,2025-10-03T13:49:43
i_001825,u_0083,p_0070,view,,250,2025-08-13T22:35:43
i_001826,u_0083,p_0078,view,,197,2025-09-26T02:54:43
i_001827,u_0083,p_0084,click,4.0,126,2025-10-10T13:05:43
i_001828,u_0083,p_0079,view,,196,2025-08-22T03:08:43
i_001829,u_0083,p_0084,view,,20,2025-07-22T17:18:43
i_001830,u_0083,p_0020,view,,168,2025-10-13T03:39:43
i_001831,u_0083,p_0025,view,,223,2025-09-19T03:52:43
i_001832,u_0083,p_0087,click,,174,2025-09-14T01:23:43
i_001833,u_0083,p_0029,view,,202,2025-08-09T02:22:43
i_001834,u_0083,p_0081,view,,417,2025-08-17T13:49:43
i_001835,u_0083,p_0078,click,4.8,20,2025-09-03T13:06:43
i_001836,u_0083,p_0050,view,,275,2025-08-10T02:59:43
i_001837,u_0083,p_0097,click,3.9,161,2025-10-07T10:05:43
i_001838,u_0083,p_0081,view,,413,2025-07-24T19:51:43
i_001839,u_0083,p_0040,view,,163,2025-09-09T14:37:43
i_001840,u_0083,p_0070,click,,204,2025-09-20T11:09:43
i_001841,u_0083,p_0027,view,,298,2025-10-28T04:37:43
i_001842,u_0083,p_0029,click,3.6,88,2025-08-06T20:27:43
i_001843,u_0083,p_0073,view,,104,2025-09-05T06:05:43
i_001844,u_0083,p_0049,click,,283,2025-09-11T22:06:43
i_001845,u_0083,p_0079,checkin,3.5,,2025-10-09T23:58:43
i_001846,u_0083,p_0073,view,,237,2025-07-16T19:39:43
i_001847,u_0083,p_0042,checkin,4.0,,2025-08-13T20:52:43
i_001848,u_0083,p_0071,save,4.4,,2025-08-22T21:24:43
i_001849,u_0083,p_0073,click,3.8,293,2025-09-02T06:23:43
i_001850,u_0083,p_0076,view,,159,2025-09-01T15:23:43
i_001851,u_0083,p_0093,save,,,2025-09-04T18:52:43
i_001852,u_0083,p_0035,view,,100,2025-09-05T16:38:43
i_001853,u_0083,p_0083,save,,,2025-08-02T14:01:43
i_001854,u_0084,p_0048,view,,197,2025-08-04T15:23:43
i_001855,u_0084,p_0078,view,,282,2025-09-05T11:19:43
i_001856,u_0084,p_0080,view,,206,2025-10-03T05:54:43
i_001857,u_0084,p_0075,view,,312,2025-08-22T05:03:43
i_001858,u_0084,p_0076,view,,259,2025-07-31T00:13:43
i_001859,u_0084,p_0038,view,,20,2025-08-25T15:10:43
i_001860,u_0084,p_0038,click,,144,2025-10-15T16:32:43
i_001861,u_0084,p_0097,view,,109,2025-07-31T06:51:43
i_001862,u_0084,p_0082,save,,,2025-07-10T05:42:43
i_001863,u_0084,p_0026,view,,277,2025-07-13T02:15:43
i_001864,u_0084,p_0044,view,,238,2025-09-29T08:36:43
i_001865,u_0084,p_0072,save,,,2025-08-17T12:42:43
i_001866,u_0084,p_0038,view,,109,2025-07-10T20:54:43
i_001867,u_0084,p_0035,view,,231,2025-11-03T20:57:43
i_001868,u_0084,p_0080,view,,230,2025-09-11T01:56:43
i_001869,u_0084,p_0098,save,4.1,,2025-10-04T12:27:43
i_001870,u_0084,p_0081,view,,184,2025-09-26T22:23:43
i_001871,u_0084,p_0097,click,3.1,59,2025-10-05T04:11:43
i_001872,u_0084,p_0092,view,,142,2025-09-02T20:09:43
i_001873,u_0084,p_0098,view,,274,2025-09-30T21:53:43
i_001874,u_0084,p_0075,save,4.1,,2025-10-08T13:54:43
i_001875,u_0084,p_0074,view,,366,2025-10-27T08:38:43
i_001876,u_0084,p_0083,view,,143,2025-08-25T02:13:43
i_001877,u_0084,p_0074,save,4.2,,2025-10-20T20:06:43
i_001878,u_0084,p_0078,save,,,2025-07-29T11:50:43
i_001879,u_0084,p_0039,view,,326,2025-07-19T04:40:43
i_001880,u_0084,p_0042,view,,39,2025-08-10T12:42:43
i_001881,u_0084,p_0020,click,4.8,202,2025-09-10T16:09:43
i_001882,u_0084,p_0083,view,,182,2025-07-10T04:17:43
i_001883,u_0085,p_0048,click,,162,2025-10-07T12:58:43
i_001884,u_0085,p_0079,save,4.0,,2025-07-31T10:00:43
i_001885,u_0085,p_0039,save,,,2025-10-05T13:55:43
i_001886,u_0085,p_0053,click,3.7,258,2025-09-17T06:26:43
i_001887,u_0085,p_0084,view,,337,2025-10-08T11:13:43
i_001888,u_0085,p_0045,save,3.9,,2025-09-13T00:00:43
i_001889,u_0085,p_0081,view,,227,2025-08-17T05:50:43
i_001890,u_0085,p_0080,click,4.2,184,2025-09-16T21:41:43
i_001891,u_0085,p_0074,checkin,4.3,,2025-10-12T05:17:43
i_001892,u_0085,p_0072,view,,163,2025-08-27T13:51:43
i_001893,u_0085,p_0081,view,,254,2025-07-20T14:57:43
i_001894,u_0085,p_0050,click,3.2,285,2025-10-08T11:22:43
i_001895,u_0085,p_0082,save,3.3,,2025-10-20T06:55:43
i_001896,u_0085,p_0095,view,,215,2025-09-06T06:59:43
i_001897,u_0085,p_0081,view,,236,2025-10-29T02:27:43
i_001898,u_0085,p_0096,click,5.0,199,2025-08-07T19:58:43
i_001899,u_0085,p_0095,view,,346,2025-07-17T03:35:43
i_001900,u_0085,p_0092,click,3.0,156,2025-08-07T21:02:43
i_001901,u_0085,p_0078,view,,205,2025-09-08T00:15:43
i_001902,u_0085,p_0095,view,,292,2025-07-15T13:34:43
i_001903,u_0085,p_0089,click,,210,2025-08-22T08:54:43
i_001904,u_0085,p_0091,view,,223,2025-10-25T10:24:43
i_001905,u_0085,p_0079,checkin,2.3,,2025-10-27T05:46:43
i_001906,u_0085,p_0076,view,,58,2025-08-08T05:18:43
i_001907,u_0085,p_0089,view,,260,2025-08-21T17:26:43
i_001908,u_0085,p_0069,checkin,4.2,,2025-09-10T00:58:43
i_001909,u_0085,p_0083,click,3.9,279,2025-09-26T00:48:43
i_001910,u_0085,p_0098,click,,261,2025-08-13T01:23:43
i_001911,u_0085,p_0069,click,3.1,333,2025-09-25T01:01:43
i_001912,u_0086,p_0053,click,3.1,249,2025-10-09T04:55:43
i_001913,u_0086,p_0048,view,,145,2025-09-25T18:36:43
i_001914,u_0086,p_0100,click,,212,2025-09-21T04:37:43
i_001915,u_0086,p_0095,click,,226,2025-08-31T15:31:43
i_001916,u_0086,p_0027,click,3.3,252,2025-10-27T12:16:43
i_001917,u_0086,p_0039,view,,148,2025-09-27T23:06:43
i_001918,u_0086,p_0078,checkin,,,2025-07-25T04:36:43
i_001919,u_0086,p_0092,view,,206,2025-08-17T17:54:43
i_001920,u_0086,p_0039,checkin,4.0,,2025-10-15T03:58:43
i_001921,u_0086,p_0042,click,3.6,236,2025-08-03T23:45:43
i_001922,u_0086,p_0095,view,,358,2025-07-08T16:13:43
i_001923,u_0086,p_0034,view,,247,2025-09-09T18:11:43
i_001924,u_0086,p_0068,view,,230,2025-07-24T19:03:43
i_001925,u_0086,p_0074,view,,117,2025-09-17T17:31:43
i_001926,u_0086,p_0077,save,4.0,,2025-10-22T10:00:43
i_001927,u_0086,p_0083,click,3.5,205,2025-07-09T07:05:43
i_001928,u_0086,p_0032,view,,50,2025-10-26T16:13:43
i_001929,u_0086,p_0030,save,,,2025-10-09T07:12:43
i_001930,u_0086,p_0086,click,,202,2025-08-17T00:41:43
i_001931,u_0086,p_0084,click,3.3,248,2025-07-24T14:42:43
i_001932,u_0086,p_0078,view,,262,2025-10-12T15:41:43
i_001933,u_0086,p_0039,view,,206,2025-07-17T03:28:43
i_001934,u_0086,p_0051,save,3.9,,2025-10-22T19:51:43
i_001935,u_0087,p_0045,view,,407,2025-07-19T02:42:43
i_001936,u_0087,p_0024,click,4.1,165,2025-09-13T02:26:43
i_001937,u_0087,p_0036,view,,341,2025-08-19T08:05:43
i_001938,u_0087,p_0035,view,,172,2025-07-23T10:40:43
i_001939,u_0087,p_0098,checkin,4.6,,2025-07-24T17:24:43
i_001940,u_0087,p_0098,view,,117,2025-10-24T04:15:43
i_001941,u_0087,p_0069,checkin,4.4,,2025-09-01T09:40:43
i_001942,u_0087,p_0080,view,,266,2025-10-16T17:43:43
i_001943,u_0087,p_0049,checkin,,,2025-10-04T07:14:43
i_001944,u_0087,p_0078,click,,350,2025-09-08T21:44:43
i_001945,u_0087,p_0039,click,,271,2025-07-26T02:20:43
i_001946,u_0087,p_0050,view,,293,2025-10-03T04:02:43
i_001947,u_0087,p_0084,checkin,3.8,,2025-07-24T11:12:43
i_001948,u_0087,p_0030,click,,237,2025-10-23T10:54:43
i_001949,u_0087,p_0074,save,4.5,,2025-10-21T11:23:43
i_001950,u_0087,p_0095,view,,201,2025-07-18T01:57:43
i_001951,u_0087,p_0034,checkin,,,2025-10-06T20:20:43
i_001952,u_0087,p_0028,save,3.3,,2025-09-05T00:48:43
i_001953,u_0087,p_0044,view,,161,2025-11-02T18:52:43
i_001954,u_0087,p_0077,view,,254,2025-09-19T21:48:43
i_001955,u_0087,p_0075,click,,215,2025-10-02T23:18:43
i_001956,u_0087,p_0068,click,4.9,171,2025-09-07T01:26:43
i_001957,u_0087,p_0044,save,,,2025-08-31T11:25:43
i_001958,u_0087,p_0036,click,,144,2025-10-08T21:30:43
i_001959,u_0087,p_0068,view,,198,2025-07-23T00:25:43
i_001960,u_0087,p_0075,click,3.6,260,2025-07-12T19:13:43
i_001961,u_0087,p_0039,view,,149,2025-09-16T09:28:43
i_001962,u_0087,p_0080,click,4.0,316,2025-08-05T21:36:43
i_001963,u_0087,p_0075,save,3.7,,2025-08-15T04:32:43
i_001964,u_0088,p_0088,click,,304,2025-10-23T23:18:43
i_001965,u_0088,p_0033,click,3.7,195,2025-07-30T17:44:43
i_001966,u_0088,p_0072,view,,267,2025-08-08T22:37:43
i_001967,u_0088,p_0023,view,,205,2025-09-17T05:54:43
i_001968,u_0088,p_0020,view,,281,2025-08-12T23:20:43
i_001969,u_0088,p_0075,view,,41,2025-10-04T20:08:43
i_001970,u_0088,p_0079,view,,277,2025-07-12T22:14:43
i_001971,u_0088,p_0080,view,,311,2025-08-25T14:12:43
i_001972,u_0088,p_0077,checkin,3.0,,2025-08-12T05:02:43
i_001973,u_0088,p_0074,view,,238,2025-07-28T11:19:43
i_001974,u_0088,p_0030,save,,,2025-09-15T03:54:43
i_001975,u_0088,p_0077,view,,210,2025-09-19T17:05:43
i_001976,u_0088,p_0026,view,,304,2025-10-20T21:26:43
i_001977,u_0088,p_0080,view,,376,2025-08-13T16:16:43
i_001978,u_0088,p_0076,click,3.1,336,2025-10-12T00:31:43
i_001979,u_0088,p_0040,click,,255,2025-10-14T04:29:43
i_001980,u_0088,p_0084,save,3.7,,2025-09-18T13:15:43
i_001981,u_0088,p_0026,view,,147,2025-09-28T12:59:43
i_001982,u_0088,p_0022,click,2.7,144,2025-10-30T06:59:43
i_001983,u_0088,p_0081,click,4.5,138,2025-07-30T13:27:43
i_001984,u_0088,p_0085,view,,211,2025-09-28T09:43:43
i_001985,u_0088,p_0098,click,,410,2025-09-14T23:47:43
i_001986,u_0088,p_0027,view,,256,2025-07-27T23:17:43
i_001987,u_0088,p_0086,view,,150,2025-09-09T00:07:43
i_001988,u_0088,p_0044,click,,226,2025-08-06T16:27:43
i_001989,u_0088,p_0028,checkin,,,2025-08-02T12:30:43
i_001990,u_0088,p_0023,save,,,2025-10-01T17:13:43
i_001991,u_0088,p_0070,view,,97,2025-10-23T11:16:43
i_001992,u_0089,p_0042,view,,195,2025-07-23T05:07:43
i_001993,u_0089,p_0033,click,,213,2025-07-13T10:32:43
i_001994,u_0089,p_0020,click,,176,2025-10-06T15:50:43
i_001995,u_0089,p_0036,view,,253,2025-11-03T21:36:43
i_001996,u_0089,p_0073,click,3.9,269,2025-08-05T01:22:43
i_001997,u_0089,p_0084,click,2.0,176,2025-08-27T21:34:43
i_001998,u_0089,p_0100,save,4.5,,2025-10-18T02:58:43
i_001999,u_0089,p_0033,view,,167,2025-09-27T00:53:43
i_002000,u_0089,p_0076,save,3.7,,2025-08-10T05:11:43
i_002001,u_0089,p_0020,save,4.5,,2025-10-14T08:46:43
i_002002,u_0089,p_0094,click,,182,2025-08-04T16:49:43
i_002003,u_0089,p_0070,click,4.5,297,2025-10-27T04:34:43
i_002004,u_0089,p_0077,click,,174,2025-09-12T09:03:43
i_002005,u_0089,p_0079,save,,,2025-07-22T13:42:43
i_002006,u_0089,p_0028,view,,31,2025-08-27T02:15:43
i_002007,u_0089,p_0069,view,,113,2025-10-10T01:32:43
i_002008,u_0089,p_0076,view,,289,2025-09-28T12:02:43
i_002009,u_0089,p_0039,save,4.3,,2025-11-04T00:52:43
i_002010,u_0090,p_0048,view,,20,2025-09-16T17:24:43
i_002011,u_0090,p_0072,click,,243,2025-09-24T12:37:43
i_002012,u_0090,p_0080,view,,299,2025-08-21T05:01:43
i_002013,u_0090,p_0080,click,,198,2025-07-24T06:52:43
i_002014,u_0090,p_0088,view,,101,2025-08-28T11:31:43
i_002015,u_0090,p_0030,view,,297,2025-10-06T11:41:43
i_002016,u_0090,p_0097,view,,268,2025-09-02T18:30:43
i_002017,u_0090,p_0036,view,,304,2025-09-14T02:03:43
i_002018,u_0090,p_0039,click,3.2,181,2025-08-28T20:11:43
i_002019,u_0090,p_0076,view,,428,2025-11-05T07:01:43
i_002020,u_0090,p_0075,view,,73,2025-09-24T19:30:43
i_002021,u_0090,p_0031,view,,136,2025-09-22T23:16:43
i_002022,u_0090,p_0020,click,,297,2025-08-03T18:09:43
i_002023,u_0090,p_0032,view,,149,2025-10-22T05:58:43
i_002024,u_0090,p_0083,save,4.9,,2025-07-25T05:36:43
i_002025,u_0090,p_0078,view,,236,2025-07-23T02:46:43
i_002026,u_0090,p_0070,click,4.0,112,2025-10-28T14:57:43
i_002027,u_0090,p_0096,checkin,,,2025-10-29T08:20:43
i_002028,u_0090,p_0039,save,5.0,,2025-10-21T13:43:43
i_002029,u_0090,p_0094,click,,174,2025-08-12T10:31:43
i_002030,u_0091,p_0076,save,4.8,,2025-10-26T14:15:43
i_002031,u_0091,p_0089,view,,126,2025-10-31T11:06:43
i_002032,u_0091,p_0077,save,,,2025-10-15T01:19:43
i_002033,u_0091,p_0037,view,,80,2025-08-17T06:21:43
i_002034,u_0091,p_0050,view,,98,2025-09-27T17:11:43
i_002035,u_0091,p_0043,checkin,,,2025-09-23T06:16:43
i_002036,u_0091,p_0047,checkin,4.1,,2025-10-26T23:28:43
i_002037,u_0091,p_0090,view,,302,2025-10-31T02:46:43
i_002038,u_0091,p_0053,save,3.4,,2025-10-30T05:56:43
i_002039,u_0091,p_0074,save,,,2025-10-07T14:21:43
i_002040,u_0091,p_0076,click,4.3,293,2025-10-02T18:42:43
i_002041,u_0091,p_0081,view,,234,2025-09-28T18:59:43
i_002042,u_0091,p_0049,view,,228,2025-09-15T06:09:43
i_002043,u_0091,p_0037,click,,210,2025-10-15T00:59:43
i_002044,u_0091,p_0039,view,,306,2025-09-06T08:11:43
i_002045,u_0091,p_0090,click,4.0,160,2025-07-16T07:43:43
i_002046,u_0092,p_0082,click,4.5,41,2025-07-29T06:07:43
i_002047,u_0092,p_0080,save,,,2025-08-11T06:53:43
i_002048,u_0092,p_0068,click,3.4,200,2025-09-02T08:39:43
i_002049,u_0092,p_0033,save,,,2025-07-18T18:42:43
i_002050,u_0092,p_0071,view,,175,2025-08-23T19:32:43
i_002051,u_0092,p_0047,checkin,3.8,,2025-10-11T00:42:43
i_002052,u_0092,p_0069,view,,173,2025-08-28T03:07:43
i_002053,u_0092,p_0024,view,,252,2025-07-16T23:23:43
i_002054,u_0092,p_0093,checkin,,,2025-07-30T16:28:43
i_002055,u_0092,p_0069,save,4.2,,2025-07-26T21:39:43
i_002056,u_0092,p_0039,view,,176,2025-07-27T12:32:43
i_002057,u_0092,p_0083,save,3.7,,2025-07-19T03:22:43
i_002058,u_0092,p_0029,view,,245,2025-09-09T05:12:43
i_002059,u_0092,p_0082,view,,123,2025-08-31T18:06:43
i_002060,u_0092,p_0084,save,3.4,,2025-09-04T04:01:43
i_002061,u_0092,p_0074,click,,227,2025-11-05T03:35:43
i_002062,u_0092,p_0095,view,,390,2025-08-08T16:24:43
i_002063,u_0093,p_0068,click,,277,2025-07-26T16:01:43
i_002064,u_0093,p_0075,click,,124,2025-07-27T01:29:43
i_002065,u_0093,p_0092,view,,183,2025-08-13T19:15:43
i_002066,u_0093,p_0090,click,4.4,341,2025-08-04T07:52:43
i_002067,u_0093,p_0069,save,3.5,,2025-08-18T15:34:43
i_002068,u_0093,p_0077,view,,143,2025-08-22T03:21:43
i_002069,u_0093,p_0095,view,,250,2025-08-14T03:42:43
i_002070,u_0093,p_0036,view,,386,2025-09-30T16:02:43
i_002071,u_0093,p_0071,view,,105,2025-10-29T18:29:43
i_002072,u_0093,p_0079,view,,209,2025-09-15T17:39:43
i_002073,u_0093,p_0072,checkin,3.9,,2025-08-06T08:41:43
i_002074,u_0093,p_0078,view,,307,2025-09-27T04:09:43
i_002075,u_0093,p_0045,checkin,,,2025-10-01T12:17:43
i_002076,u_0093,p_0087,click,3.1,273,2025-08-20T18:07:43
i_002077,u_0093,p_0050,view,,326,2025-09-10T04:01:43
i_002078,u_0093,p_0021,view,,170,2025-07-26T20:32:43
i_002079,u_0093,p_0082,click,3.0,156,2025-07-20T14:03:43
i_002080,u_0093,p_0100,view,,64,2025-11-02T08:42:43
i_002081,u_0093,p_0049,view,,216,2025-09-17T12:39:43
i_002082,u_0093,p_0080,view,,347,2025-08-17T23:44:43
i_002083,u_0093,p_0085,view,,231,2025-09-14T04:09:43
i_002084,u_0093,p_0081,view,,353,2025-09-10T18:25:43
i_002085,u_0094,p_0082,click,3.6,72,2025-09-16T18:18:43
i_002086,u_0094,p_0091,view,,265,2025-09-26T14:25:43
i_002087,u_0094,p_0074,click,4.4,247,2025-07-17T17:15:43
i_002088,u_0094,p_0079,click,,215,2025-10-16T18:05:43
i_002089,u_0094,p_0025,save,,,2025-08-31T04:50:43
i_002090,u_0094,p_0026,view,,232,2025-09-21T00:07:43
i_002091,u_0094,p_0027,view,,192,2025-07-17T17:03:43
i_002092,u_0094,p_0047,save,4.0,,2025-10-02T01:12:43
i_002093,u_0094,p_0031,view,,246,2025-10-27T06:04:43
i_002094,u_0094,p_0073,view,,171,2025-10-11T00:45:43
i_002095,u_0094,p_0083,view,,222,2025-08-15T21:45:43
i_002096,u_0094,p_0072,save,4.0,,2025-08-15T20:09:43
i_002097,u_0094,p_0043,view,,231,2025-08-13T11:55:43
i_002098,u_0094,p_0081,click,,225,2025-10-05T15:52:43
i_002099,u_0094,p_0020,click,2.9,298,2025-08-18T20:42:43
i_002100,u_0094,p_0068,click,,281,2025-08-07T18:40:43
i_002101,u_0094,p_0081,view,,239,2025-10-07T02:47:43
i_002102,u_0094,p_0072,save,,,2025-08-29T01:04:43
i_002103,u_0094,p_0084,click,,162,2025-11-03T04:45:43
i_002104,u_0094,p_0045,view,,188,2025-10-03T22:31:43
i_002105,u_0094,p_0050,save,4.3,,2025-09-01T09:56:43
i_002106,u_0094,p_0074,click,3.5,306,2025-07-29T21:11:43
i_002107,u_0094,p_0072,view,,130,2025-10-19T00:08:43
i_002108,u_0094,p_0096,checkin,,,2025-07-12T00:02:43
i_002109,u_0094,p_0049,view,,194,2025-09-08T16:15:43
i_002110,u_0094,p_0089,view,,318,2025-09-10T04:13:43
i_002111,u_0094,p_0098,save,3.5,,2025-11-01T16:27:43
i_002112,u_0094,p_0075,view,,268,2025-08-30T00:04:43
i_002113,u_0095,p_0036,save,3.6,,2025-08-13T20:29:43
i_002114,u_0095,p_0039,view,,304,2025-07-31T10:53:43
i_002115,u_0095,p_0086,view,,81,2025-10-02T17:42:43
i_002116,u_0095,p_0024,view,,114,2025-08-03T15:17:43
i_002117,u_0095,p_0030,save,,,2025-08-02T13:52:43
i_002118,u_0095,p_0070,view,,326,2025-09-24T04:48:43
i_002119,u_0095,p_0039,view,,264,2025-08-23T22:37:43
i_002120,u_0095,p_0023,view,,144,2025-08-25T12:49:43
i_002121,u_0095,p_0095,view,,252,2025-10-22T15:28:43
i_002122,u_0095,p_0045,click,,202,2025-09-18T10:46:43
i_002123,u_0095,p_0078,view,,284,2025-10-30T04:58:43
i_002124,u_0095,p_0082,view,,132,2025-09-10T03:29:43
i_002125,u_0095,p_0025,view,,190,2025-07-12T10:38:43
i_002126,u_0095,p_0084,click,,71,2025-07-31T03:08:43
i_002127,u_0095,p_0045,click,4.4,347,2025-08-16T08:23:43
i_002128,u_0095,p_0054,view,,152,2025-08-10T01:59:43
i_002129,u_0095,p_0095,click,3.3,211,2025-10-23T10:43:43
i_002130,u_0095,p_0072,view,,107,2025-10-09T11:03:43
i_002131,u_0095,p_0089,view,,349,2025-07-14T04:22:43
i_002132,u_0096,p_0022,view,,115,2025-09-03T17:40:43
i_002133,u_0096,p_0081,click,,347,2025-10-07T13:45:43
i_002134,u_0096,p_0090,checkin,3.7,,2025-09-06T17:20:43
i_002135,u_0096,p_0070,save,,,2025-09-02T11:51:43
i_002136,u_0096,p_0072,view,,247,2025-09-21T13:49:43
i_002137,u_0096,p_0033,click,4.2,162,2025-10-26T04:30:43
i_002138,u_0096,p_0095,click,4.3,284,2025-09-27T15:33:43
i_002139,u_0096,p_0081,click,4.1,202,2025-09-03T07:03:43
i_002140,u_0096,p_0045,checkin,3.9,,2025-08-03T02:39:43
i_002141,u_0096,p_0068,view,,269,2025-09-30T01:37:43
i_002142,u_0096,p_0073,view,,353,2025-07-23T09:25:43
i_002143,u_0096,p_0088,click,,248,2025-08-19T23:00:43
i_002144,u_0096,p_0040,view,,139,2025-07-24T09:38:43
i_002145,u_0096,p_0024,view,,225,2025-07-09T05:06:43
i_002146,u_0096,p_0073,click,4.2,127,2025-08-02T13:09:43
i_002147,u_0096,p_0074,click,3.9,88,2025-08-27T01:56:43
i_002148,u_0096,p_0071,view,,156,2025-09-22T07:03:43
i_002149,u_0096,p_0069,view,,167,2025-08-08T17:52:43
i_002150,u_0097,p_0073,click,,227,2025-10-07T14:46:43
i_002151,u_0097,p_0078,view,,414,2025-08-30T05:44:43
i_002152,u_0097,p_0096,view,,374,2025-10-11T07:28:43
i_002153,u_0097,p_0097,checkin,3.3,,2025-07-19T08:09:43
i_002154,u_0097,p_0092,click,3.4,100,2025-07-28T01:24:43
i_002155,u_0097,p_0036,checkin,5.0,,2025-10-30T22:05:43
i_002156,u_0097,p_0079,checkin,,,2025-08-13T10:01:43
i_002157,u_0097,p_0053,click,3.2,233,2025-08-07T14:17:43
i_002158,u_0097,p_0076,view,,297,2025-09-27T02:24:43
i_002159,u_0097,p_0073,view,,71,2025-07-31T04:39:43
i_002160,u_0097,p_0077,view,,85,2025-10-13T01:07:43
i_002161,u_0097,p_0049,view,,38,2025-08-15T01:38:43
i_002162,u_0097,p_0033,view,,64,2025-09-16T06:00:43
i_002163,u_0097,p_0092,click,4.3,105,2025-10-23T00:49:43
i_002164,u_0097,p_0025,click,,160,2025-09-04T06:51:43
i_002165,u_0097,p_0044,view,,256,2025-08-13T16:52:43
i_002166,u_0097,p_0033,save,,,2025-10-26T17:53:43
i_002167,u_0097,p_0081,view,,171,2025-08-13T07:20:43
i_002168,u_0097,p_0082,click,4.5,201,2025-07-19T14:06:43
i_002169,u_0097,p_0085,view,,85,2025-10-05T02:05:43
i_002170,u_0097,p_0039,view,,306,2025-10-15T11:18:43
i_002171,u_0097,p_0073,view,,231,2025-10-04T00:58:43
i_002172,u_0097,p_0081,view,,336,2025-11-04T18:58:43
i_002173,u_0097,p_0078,save,4.2,,2025-07-18T00:42:43
i_002174,u_0097,p_0098,view,,326,2025-09-09T21:25:43
i_002175,u_0098,p_0027,view,,368,2025-08-28T12:28:43
i_002176,u_0098,p_0075,click,,218,2025-09-02T13:57:43
i_002177,u_0098,p_0054,view,,156,2025-08-02T03:13:43
i_002178,u_0098,p_0068,checkin,5.0,,2025-10-05T01:50:43
i_002179,u_0098,p_0034,view,,96,2025-09-04T10:13:43
i_002180,u_0098,p_0028,view,,231,2025-08-17T10:22:43
i_002181,u_0098,p_0044,view,,351,2025-09-02T03:14:43
i_002182,u_0098,p_0043,click,4.1,266,2025-07-12T09:42:43
i_002183,u_0098,p_0084,checkin,4.0,,2025-08-03T07:43:43
i_002184,u_0098,p_0092,checkin,,,2025-08-04T03:56:43
i_002185,u_0098,p_0093,click,5.0,365,2025-09-25T05:09:43
i_002186,u_0098,p_0053,click,4.0,242,2025-09-30T00:18:43
i_002187,u_0098,p_0072,click,3.6,155,2025-07-25T17:15:43
i_002188,u_0098,p_0078,click,3.7,192,2025-08-02T23:17:43
i_002189,u_0098,p_0091,click,,206,2025-07-14T11:02:43
i_002190,u_0098,p_0028,view,,166,2025-10-21T04:12:43
i_002191,u_0098,p_0047,view,,237,2025-10-04T11:43:43
i_002192,u_0099,p_0086,click,4.0,235,2025-08-27T17:12:43
i_002193,u_0099,p_0078,save,4.6,,2025-10-19T17:07:43
i_002194,u_0099,p_0068,view,,125,2025-09-13T19:29:43
i_002195,u_0099,p_0070,click,,326,2025-09-26T07:27:43
i_002196,u_0099,p_0074,view,,250,2025-09-18T11:30:43
i_002197,u_0099,p_0095,click,5.0,171,2025-08-01T15:27:43
i_002198,u_0099,p_0089,view,,225,2025-07-21T15:11:43
i_002199,u_0099,p_0080,checkin,,,2025-08-15T12:04:43
i_002200,u_0099,p_0089,view,,262,2025-09-22T07:14:43
i_002201,u_0099,p_0083,save,4.4,,2025-07-20T12:18:43
i_002202,u_0099,p_0083,view,,310,2025-10-19T06:37:43
i_002203,u_0099,p_0076,view,,220,2025-07-31T15:15:43
i_002204,u_0099,p_0092,save,3.3,,2025-10-08T01:28:43
i_002205,u_0099,p_0091,view,,263,2025-09-10T03:06:43
i_002206,u_0099,p_0072,click,4.2,185,2025-07-19T16:33:43
i_002207,u_0099,p_0053,view,,275,2025-08-29T10:46:43
i_002208,u_0099,p_0083,click,,170,2025-07-20T00:41:43
i_002209,u_0099,p_0047,view,,58,2025-09-24T03:12:43
i_002210,u_0099,p_0071,save,4.3,,2025-09-12T13:54:43
i_002211,u_0099,p_0054,click,5.0,133,2025-09-22T06:42:43
i_002212,u_0099,p_0093,checkin,2.9,,2025-08-06T00:51:43
i_002213,u_0099,p_0100,view,,213,2025-07-30T13:32:43
i_002214,u_0099,p_0075,view,,167,2025-09-15T15:33:43
i_002215,u_0100,p_0069,view,,257,2025-10-05T02:14:43
i_002216,u_0100,p_0097,click,3.3,301,2025-08-26T12:11:43
i_002217,u_0100,p_0044,view,,455,2025-10-12T00:21:43
i_002218,u_0100,p_0077,save,,,2025-09-07T16:36:43
i_002219,u_0100,p_0076,view,,191,2025-10-01T10:47:43
i_002220,u_0100,p_0040,view,,197,2025-11-02T23:25:43
i_002221,u_0100,p_0025,view,,103,2025-09-08T01:36:43
i_002222,u_0100,p_0042,click,3.3,43,2025-07-12T11:31:43
i_002223,u_0100,p_0084,click,3.4,150,2025-09-19T06:16:43
i_002224,u_0100,p_0090,view,,194,2025-09-17T06:47:43
i_002225,u_0100,p_0036,checkin,3.3,,2025-07-28T21:33:43
i_002226,u_0100,p_0077,save,,,2025-10-26T08:19:43
i_002227,u_0100,p_0081,save,4.9,,2025-10-30T08:48:43
i_002228,u_0100,p_0049,click,3.7,82,2025-09-21T00:24:43
i_002229,u_0100,p_0098,click,,358,2025-09-12T01:07:43
i_002230,u_0100,p_0075,view,,212,2025-09-27T23:07:43
i_002231,u_0100,p_0071,view,,149,2025-09-08T01:23:43
i_002232,u_0100,p_0040,click,3.6,306,2025-08-04T20:51:43
i_002233,u_0100,p_0044,click,,332,2025-08-31T06:41:43
i_002234,u_0101,p_0100,view,,87,2025-07-10T15:08:43
i_002235,u_0101,p_0078,view,,194,2025-08-22T17:24:43
i_002236,u_0101,p_0089,view,,87,2025-09-15T10:15:43
i_002237,u_0101,p_0081,view,,216,2025-09-30T02:59:43
i_002238,u_0101,p_0098,view,,178,2025-09-28T12:46:43
i_002239,u_0101,p_0090,click,4.0,221,2025-09-22T17:24:43
i_002240,u_0101,p_0083,view,,195,2025-10-14T07:37:43
i_002241,u_0101,p_0045,checkin,3.4,,2025-08-25T21:24:43
i_002242,u_0101,p_0043,save,,,2025-08-20T06:34:43
i_002243,u_0101,p_0095,click,,146,2025-10-26T23:04:43
i_002244,u_0101,p_0082,view,,233,2025-10-20T16:07:43
i_002245,u_0101,p_0080,view,,328,2025-08-10T23:46:43
i_002246,u_0101,p_0034,click,2.5,131,2025-09-18T04:44:43
i_002247,u_0101,p_0029,save,3.4,,2025-09-10T10:41:43
i_002248,u_0101,p_0069,click,3.9,210,2025-09-08T23:54:43
i_002249,u_0101,p_0075,click,,207,2025-10-04T18:34:43
i_002250,u_0101,p_0073,view,,123,2025-08-14T06:19:43
i_002251,u_0101,p_0071,view,,71,2025-10-10T17:28:43
i_002252,u_0101,p_0075,view,,337,2025-09-10T13:08:43
i_002253,u_0101,p_0089,view,,317,2025-10-29T19:24:43
i_002254,u_0101,p_0086,view,,126,2025-10-01T13:59:43
i_002255,u_0101,p_0072,view,,236,2025-10-23T11:20:43
i_002256,u_0101,p_0023,view,,164,2025-07-19T04:50:43
i_002257,u_0101,p_0032,click,4.3,59,2025-08-14T13:12:43
i_002258,u_0102,p_0043,view,,267,2025-10-03T19:25:43
i_002259,u_0102,p_0053,view,,124,2025-07-24T09:04:43
i_002260,u_0102,p_0020,view,,202,2025-08-19T11:27:43
i_002261,u_0102,p_0085,click,,86,2025-09-18T11:02:43
i_002262,u_0102,p_0045,view,,303,2025-09-24T12:11:43
i_002263,u_0102,p_0094,save,,,2025-09-10T00:46:43
i_002264,u_0102,p_0077,view,,246,2025-09-11T07:00:43
i_002265,u_0102,p_0038,click,,20,2025-10-26T13:47:43
i_002266,u_0102,p_0095,click,4.9,169,2025-07-14T14:20:43
i_002267,u_0102,p_0038,checkin,3.7,,2025-07-11T16:00:43
i_002268,u_0102,p_0072,view,,213,2025-08-31T23:58:43
i_002269,u_0102,p_0076,view,,268,2025-09-27T06:33:43
i_002270,u_0102,p_0083,checkin,3.2,,2025-09-18T19:34:43
i_002271,u_0102,p_0051,view,,194,2025-07-29T21:39:43
i_002272,u_0102,p_0075,checkin,,,2025-07-14T23:28:43
i_002273,u_0102,p_0032,view,,181,2025-08-22T12:40:43
i_002274,u_0102,p_0079,view,,116,2025-10-27T07:35:43
i_002275,u_0102,p_0089,checkin,,,2025-10-09T15:41:43
i_002276,u_0102,p_0070,view,,130,2025-07-30T15:38:43
i_002277,u_0102,p_0096,view,,123,2025-09-06T07:53:43
i_002278,u_0102,p_0100,view,,131,2025-10-07T05:47:43
i_002279,u_0102,p_0046,view,,233,2025-10-05T03:22:43
i_002280,u_0102,p_0098,view,,234,2025-10-17T23:33:43
i_002281,u_0102,p_0072,view,,167,2025-08-01T05:17:43
i_002282,u_0103,p_0087,click,4.1,311,2025-07-29T19:13:43
i_002283,u_0103,p_0076,checkin,,,2025-11-05T13:11:43
i_002284,u_0103,p_0048,click,4.7,160,2025-09-21T01:17:43
i_002285,u_0103,p_0077,save,3.4,,2025-09-15T02:16:43
i_002286,u_0103,p_0042,view,,121,2025-08-03T14:44:43
i_002287,u_0103,p_0072,view,,331,2025-07-17T23:11:43
i_002288,u_0103,p_0072,save,4.7,,2025-07-11T17:57:43
i_002289,u_0103,p_0070,view,,249,2025-07-12T15:23:43
i_002290,u_0103,p_0075,save,,,2025-08-02T12:09:43
i_002291,u_0103,p_0068,view,,289,2025-09-27T01:30:43
i_002292,u_0103,p_0083,click,3.9,190,2025-10-13T12:52:43
i_002293,u_0103,p_0069,click,4.8,317,2025-08-27T11:34:43
i_002294,u_0103,p_0047,click,3.4,283,2025-07-14T07:16:43
i_002295,u_0103,p_0071,view,,174,2025-07-14T20:15:43
i_002296,u_0103,p_0068,view,,205,2025-08-28T03:28:43
i_002297,u_0103,p_0084,view,,181,2025-07-28T16:57:43
i_002298,u_0103,p_0080,view,,293,2025-09-26T16:24:43
i_002299,u_0103,p_0070,view,,75,2025-09-19T08:53:43
i_002300,u_0103,p_0039,view,,222,2025-10-10T20:43:43
i_002301,u_0103,p_0072,view,,203,2025-08-28T21:47:43
i_002302,u_0103,p_0078,checkin,3.8,,2025-10-03T23:25:43
i_002303,u_0104,p_0079,view,,185,2025-10-17T23:47:43
i_002304,u_0104,p_0076,click,,219,2025-11-04T06:37:43
i_002305,u_0104,p_0069,view,,291,2025-07-23T19:41:43
i_002306,u_0104,p_0087,click,3.5,191,2025-09-22T10:10:43
i_002307,u_0104,p_0076,save,5.0,,2025-10-30T02:50:43
i_002308,u_0104,p_0087,checkin,,,2025-08-31T16:58:43
i_002309,u_0104,p_0091,view,,344,2025-10-19T23:30:43
i_002310,u_0104,p_0049,checkin,3.8,,2025-07-10T12:16:43
i_002311,u_0104,p_0042,save,,,2025-10-15T03:21:43
i_002312,u_0104,p_0039,view,,249,2025-08-07T17:11:43
i_002313,u_0104,p_0078,view,,244,2025-09-10T21:22:43
i_002314,u_0104,p_0072,view,,319,2025-08-07T04:12:43
i_002315,u_0104,p_0049,click,,249,2025-10-14T16:03:43
i_002316,u_0104,p_0046,save,3.9,,2025-09-15T03:34:43
i_002317,u_0104,p_0078,view,,196,2025-09-27T07:28:43
i_002318,u_0104,p_0044,view,,94,2025-11-05T01:40:43
i_002319,u_0104,p_0071,view,,149,2025-08-10T03:20:43
i_002320,u_0104,p_0027,view,,124,2025-09-23T19:36:43
i_002321,u_0104,p_0074,view,,388,2025-09-06T05:19:43
i_002322,u_0104,p_0022,view,,147,2025-07-16T19:19:43
i_002323,u_0104,p_0095,view,,162,2025-09-02T10:07:43
i_002324,u_0104,p_0068,click,4.5,360,2025-07-09T04:18:43
i_002325,u_0104,p_0076,view,,240,2025-08-30T15:21:43
i_002326,u_0104,p_0076,view,,404,2025-09-26T00:19:43
i_002327,u_0104,p_0071,save,5.0,,2025-09-22T17:41:43
i_002328,u_0104,p_0084,click,3.7,135,2025-10-01T00:19:43
i_002329,u_0105,p_0021,click,3.5,123,2025-10-20T03:38:43
i_002330,u_0105,p_0080,save,4.2,,2025-08-27T06:36:43
i_002331,u_0105,p_0073,click,,181,2025-10-05T03:09:43
i_002332,u_0105,p_0034,view,,261,2025-10-20T03:23:43
i_002333,u_0105,p_0080,click,,315,2025-07-30T05:20:43
i_002334,u_0105,p_0097,click,,226,2025-09-01T02:04:43
i_002335,u_0105,p_0090,view,,257,2025-10-13T12:52:43
i_002336,u_0105,p_0075,view,,244,2025-10-01T05:53:43
i_002337,u_0105,p_0070,checkin,3.7,,2025-09-23T17:48:43
i_002338,u_0105,p_0044,save,,,2025-10-16T13:14:43
i_002339,u_0105,p_0037,checkin,4.4,,2025-09-27T05:02:43
i_002340,u_0105,p_0095,save,,,2025-10-11T00:45:43
i_002341,u_0105,p_0092,click,,200,2025-08-29T13:13:43
i_002342,u_0105,p_0068,view,,252,2025-07-23T18:47:43
i_002343,u_0105,p_0068,click,,179,2025-10-21T21:12:43
i_002344,u_0105,p_0079,view,,220,2025-10-30T12:54:43
i_002345,u_0105,p_0078,view,,290,2025-09-12T02:19:43
i_002346,u_0105,p_0080,view,,139,2025-08-17T08:41:43
i_002347,u_0105,p_0075,click,4.7,358,2025-08-25T06:42:43
i_002348,u_0105,p_0099,click,,175,2025-08-19T03:37:43
i_002349,u_0105,p_0030,view,,206,2025-11-03T14:58:43
i_002350,u_0105,p_0082,save,3.2,,2025-10-26T18:24:43
i_002351,u_0105,p_0020,checkin,,,2025-07-08T15:57:43
i_002352,u_0106,p_0089,click,3.3,208,2025-09-27T09:04:43
i_002353,u_0106,p_0075,view,,119,2025-07-29T05:09:43
i_002354,u_0106,p_0076,click,,158,2025-10-05T21:55:43
i_002355,u_0106,p_0074,view,,160,2025-07-11T14:27:43
i_002356,u_0106,p_0093,checkin,4.4,,2025-10-01T00:30:43
i_002357,u_0106,p_0046,view,,168,2025-10-12T19:57:43
i_002358,u_0106,p_0029,save,3.6,,2025-11-05T04:15:43
i_002359,u_0106,p_0049,view,,119,2025-09-16T14:27:43
i_002360,u_0106,p_0027,save,,,2025-10-19T07:32:43
i_002361,u_0106,p_0076,click,4.5,257,2025-09-06T20:43:43
i_002362,u_0106,p_0050,save,4.6,,2025-09-09T23:35:43
i_002363,u_0106,p_0079,click,,209,2025-10-07T21:18:43
i_002364,u_0106,p_0038,checkin,4.2,,2025-10-27T07:36:43
i_002365,u_0106,p_0047,save,,,2025-10-30T01:39:43
i_002366,u_0106,p_0034,view,,237,2025-10-20T12:11:43
i_002367,u_0106,p_0037,view,,317,2025-07-13T00:19:43
i_002368,u_0106,p_0022,view,,147,2025-09-07T05:42:43
i_002369,u_0106,p_0068,view,,390,2025-09-28T11:34:43
i_002370,u_0106,p_0048,view,,186,2025-07-21T16:28:43
i_002371,u_0106,p_0078,click,,117,2025-07-22T21:29:43
i_002372,u_0106,p_0080,view,,225,2025-09-01T11:16:43
i_002373,u_0106,p_0082,view,,257,2025-07-18T09:12:43
i_002374,u_0106,p_0084,view,,73,2025-11-03T08:09:43
i_002375,u_0106,p_0090,view,,334,2025-08-29T13:45:43
i_002376,u_0106,p_0081,checkin,4.5,,2025-07-14T16:24:43
i_002377,u_0106,p_0090,view,,315,2025-10-22T21:13:43
i_002378,u_0106,p_0073,save,3.8,,2025-09-20T21:57:43
i_002379,u_0106,p_0075,view,,88,2025-08-19T12:00:43
i_002380,u_0106,p_0074,checkin,,,2025-09-11T23:01:43
i_002381,u_0107,p_0079,view,,160,2025-10-02T04:27:43
i_002382,u_0107,p_0037,click,,108,2025-08-28T16:25:43
i_002383,u_0107,p_0051,click,3.1,148,2025-10-30T20:23:43
i_002384,u_0107,p_0030,view,,92,2025-10-09T19:46:43
i_002385,u_0107,p_0087,view,,134,2025-07-20T15:50:43
i_002386,u_0107,p_0053,view,,69,2025-10-26T15:02:43
i_002387,u_0107,p_0021,view,,248,2025-10-30T11:41:43
i_002388,u_0107,p_0085,view,,231,2025-07-29T07:40:43
i_002389,u_0107,p_0069,view,,184,2025-08-26T05:47:43
i_002390,u_0107,p_0054,view,,95,2025-08-09T15:07:43
i_002391,u_0107,p_0024,view,,117,2025-08-14T13:51:43
i_002392,u_0107,p_0089,view,,341,2025-08-27T15:30:43
i_002393,u_0107,p_0087,view,,71,2025-07-17T03:41:43
i_002394,u_0107,p_0068,view,,254,2025-09-18T11:08:43
i_002395,u_0107,p_0082,click,,235,2025-07-31T12:32:43
i_002396,u_0108,p_0007,save,3.5,,2025-08-04T11:10:43
i_002397,u_0108,p_0013,view,,248,2025-10-18T12:31:43
i_002398,u_0108,p_0058,click,4.9,288,2025-10-01T03:45:43
i_002399,u_0108,p_0066,view,,240,2025-07-31T10:35:43
i_002400,u_0108,p_0019,save,2.7,,2025-10-30T02:27:43
i_002401,u_0108,p_0113,view,,314,2025-10-09T06:05:43
i_002402,u_0108,p_0065,click,4.4,291,2025-10-27T03:26:43
i_002403,u_0108,p_0016,save,,,2025-09-08T14:10:43
i_002404,u_0108,p_0058,view,,305,2025-07-23T08:15:43
i_002405,u_0108,p_0065,view,,218,2025-10-03T01:45:43
i_002406,u_0108,p_0062,view,,246,2025-10-11T04:25:43
i_002407,u_0108,p_0011,save,4.1,,2025-07-24T09:46:43
i_002408,u_0108,p_0101,click,,378,2025-08-01T03:09:43
i_002409,u_0108,p_0005,save,,,2025-08-10T10:34:43
i_002410,u_0108,p_0058,save,,,2025-10-08T01:10:43
i_002411,u_0108,p_0058,view,,286,2025-07-30T13:24:43
i_002412,u_0109,p_0118,checkin,3.4,,2025-07-12T16:02:43
i_002413,u_0109,p_0113,view,,378,2025-07-26T11:29:43
i_002414,u_0109,p_0003,click,,180,2025-08-28T20:43:43
i_002415,u_0109,p_0065,view,,304,2025-08-08T14:53:43
i_002416,u_0109,p_0057,view,,334,2025-11-05T10:17:43
i_002417,u_0109,p_0062,view,,320,2025-09-18T04:29:43
i_002418,u_0109,p_0062,view,,150,2025-10-13T02:02:43
i_002419,u_0109,p_0002,save,3.8,,2025-09-06T02:55:43
i_002420,u_0109,p_0064,view,,217,2025-11-02T04:21:43
i_002421,u_0109,p_0107,view,,117,2025-10-28T19:45:43
i_002422,u_0109,p_0063,save,,,2025-11-02T14:12:43
i_002423,u_0109,p_0002,click,3.6,240,2025-07-28T11:33:43
i_002424,u_0109,p_0002,view,,358,2025-07-30T17:51:43
i_002425,u_0109,p_0064,view,,290,2025-09-08T10:53:43
i_002426,u_0109,p_0062,click,,168,2025-08-26T02:36:43
i_002427,u_0109,p_0011,view,,184,2025-07-09T08:45:43
i_002428,u_0109,p_0066,save,,,2025-08-20T08:18:43
i_002429,u_0109,p_0103,view,,140,2025-08-05T08:30:43
i_002430,u_0109,p_0061,checkin,,,2025-09-04T03:37:43
i_002431,u_0109,p_0057,click,,213,2025-09-24T13:39:43
i_002432,u_0109,p_0001,save,,,2025-09-19T10:07:43
i_002433,u_0109,p_0113,view,,324,2025-10-21T19:40:43
i_002434,u_0109,p_0004,view,,47,2025-09-18T23:18:43
i_002435,u_0109,p_0002,view,,75,2025-07-23T16:25:43
i_002436,u_0109,p_0117,checkin,3.8,,2025-09-10T14:14:43
i_002437,u_0109,p_0058,view,,229,2025-10-19T14:49:43
i_002438,u_0110,p_0055,view,,285,2025-07-27T09:36:43
i_002439,u_0110,p_0057,view,,221,2025-08-26T05:32:43
i_002440,u_0110,p_0066,view,,71,2025-09-30T13:04:43
i_002441,u_0110,p_0059,view,,311,2025-09-14T09:55:43
i_002442,u_0110,p_0056,view,,263,2025-10-07T04:33:43
i_002443,u_0110,p_0013,click,,208,2025-08-01T14:05:43
i_002444,u_0110,p_0063,view,,238,2025-09-29T17:31:43
i_002445,u_0110,p_0103,click,,210,2025-07-11T04:26:43
i_002446,u_0110,p_0003,view,,38,2025-10-28T14:44:43
i_002447,u_0110,p_0067,view,,418,2025-09-27T10:12:43
i_002448,u_0110,p_0065,view,,280,2025-10-08T18:00:43
i_002449,u_0110,p_0062,view,,270,2025-07-19T01:15:43
i_002450,u_0110,p_0018,checkin,3.0,,2025-10-23T00:20:43
i_002451,u_0110,p_0008,view,,166,2025-08-30T06:38:43
i_002452,u_0110,p_0063,save,5.0,,2025-10-08T16:10:43
i_002453,u_0110,p_0103,view,,330,2025-10-13T22:39:43
i_002454,u_0110,p_0012,view,,76,2025-10-16T06:44:43
i_002455,u_0110,p_0107,save,3.1,,2025-08-20T17:41:43
i_002456,u_0111,p_0008,click,3.9,270,2025-10-15T03:31:43
i_002457,u_0111,p_0065,checkin,,,2025-07-15T22:44:43
i_002458,u_0111,p_0019,click,,191,2025-10-07T08:58:43
i_002459,u_0111,p_0007,click,3.9,349,2025-07-10T23:49:43
i_002460,u_0111,p_0064,click,4.5,310,2025-09-13T06:06:43
i_002461,u_0111,p_0067,save,5.0,,2025-10-23T08:22:43
i_002462,u_0111,p_0113,view,,197,2025-09-12T13:53:43
i_002463,u_0111,p_0015,view,,233,2025-09-04T17:16:43
i_002464,u_0111,p_0003,save,3.7,,2025-08-15T13:24:43
i_002465,u_0111,p_0007,view,,269,2025-09-13T15:01:43
i_002466,u_0111,p_0060,checkin,,,2025-09-30T00:33:43
i_002467,u_0111,p_0107,checkin,,,2025-10-01T23:39:43
i_002468,u_0111,p_0014,view,,141,2025-10-22T09:58:43
i_002469,u_0111,p_0113,view,,490,2025-10-18T19:35:43
i_002470,u_0111,p_0058,checkin,2.8,,2025-09-21T05:14:43
i_002471,u_0111,p_0106,view,,197,2025-07-23T02:16:43
i_002472,u_0111,p_0103,view,,365,2025-08-03T15:28:43
i_002473,u_0111,p_0117,view,,221,2025-10-18T10:09:43
i_002474,u_0111,p_0064,view,,394,2025-10-06T05:31:43
i_002475,u_0111,p_0065,view,,256,2025-08-21T16:04:43
i_002476,u_0111,p_0005,view,,112,2025-10-23T00:52:43
i_002477,u_0111,p_0101,view,,235,2025-10-06T05:44:43
i_002478,u_0111,p_0011,checkin,3.4,,2025-10-27T12:23:43
i_002479,u_0111,p_0018,save,,,2025-11-02T21:21:43
i_002480,u_0112,p_0060,view,,254,2025-09-17T10:52:43
i_002481,u_0112,p_0055,save,2.4,,2025-08-13T23:00:43
i_002482,u_0112,p_0010,checkin,,,2025-09-29T12:53:43
i_002483,u_0112,p_0064,view,,295,2025-09-25T13:02:43
i_002484,u_0112,p_0001,view,,159,2025-10-21T15:40:43
i_002485,u_0112,p_0055,checkin,,,2025-09-04T09:02:43
i_002486,u_0112,p_0056,checkin,,,2025-07-27T21:43:43
i_002487,u_0112,p_0013,view,,267,2025-09-09T07:11:43
i_002488,u_0112,p_0057,click,4.3,161,2025-11-01T11:37:43
i_002489,u_0112,p_0102,checkin,3.5,,2025-08-06T06:47:43
i_002490,u_0112,p_0116,checkin,,,2025-07-13T09:44:43
i_002491,u_0112,p_0067,click,4.8,264,2025-07-20T14:27:43
i_002492,u_0112,p_0066,view,,244,2025-10-20T11:28:43
i_002493,u_0112,p_0064,view,,378,2025-08-27T04:22:43
i_002494,u_0112,p_0016,click,2.9,193,2025-10-28T19:22:43
i_002495,u_0112,p_0056,save,5.0,,2025-09-17T08:15:43
i_002496,u_0112,p_0006,click,5.0,366,2025-07-17T22:01:43
i_002497,u_0112,p_0007,view,,289,2025-08-18T03:59:43
i_002498,u_0113,p_0056,click,,312,2025-10-27T06:11:43
i_002499,u_0113,p_0013,view,,227,2025-09-28T21:28:43
i_002500,u_0113,p_0009,view,,40,2025-10-10T17:52:43
i_002501,u_0113,p_0067,checkin,,,2025-07-17T10:18:43
i_002502,u_0113,p_0019,view,,234,2025-10-08T22:51:43
i_002503,u_0113,p_0008,checkin,3.9,,2025-09-08T10:07:43
i_002504,u_0113,p_0008,save,3.6,,2025-07-31T05:40:43
i_002505,u_0113,p_0107,view,,227,2025-09-22T19:24:43
i_002506,u_0113,p_0114,save,3.5,,2025-11-01T12:33:43
i_002507,u_0113,p_0115,view,,183,2025-08-03T23:32:43
i_002508,u_0113,p_0058,view,,180,2025-08-05T17:59:43
i_002509,u_0113,p_0013,view,,269,2025-08-11T11:26:43
i_002510,u_0113,p_0010,click,3.7,363,2025-10-21T17:46:43
i_002511,u_0113,p_0057,view,,280,2025-07-11T05:32:43
i_002512,u_0113,p_0005,click,,224,2025-07-19T12:40:43
i_002513,u_0113,p_0055,view,,64,2025-11-03T21:58:43
i_002514,u_0113,p_0063,view,,255,2025-10-27T16:16:43
i_002515,u_0113,p_0005,checkin,2.8,,2025-08-08T08:12:43
i_002516,u_0113,p_0014,view,,320,2025-07-10T15:00:43
i_002517,u_0113,p_0010,click,4.8,303,2025-09-01T18:29:43
i_002518,u_0113,p_0055,view,,170,2025-10-31T15:07:43
i_002519,u_0113,p_0011,click,3.4,119,2025-07-31T12:44:43
i_002520,u_0113,p_0012,view,,65,2025-08-10T14:02:43
i_002521,u_0113,p_0066,click,,300,2025-07-09T04:00:43
i_002522,u_0113,p_0065,click,3.4,222,2025-09-30T09:59:43
i_002523,u_0113,p_0058,view,,304,2025-08-21T19:03:43
i_002524,u_0113,p_0007,view,,170,2025-10-04T07:39:43
i_002525,u_0113,p_0064,checkin,4.9,,2025-07-25T01:05:43
i_002526,u_0114,p_0018,click,,188,2025-09-13T19:50:43
i_002527,u_0114,p_0065,click,3.9,318,2025-07-17T23:03:43
i_002528,u_0114,p_0006,click,5.0,340,2025-10-28T19:34:43
i_002529,u_0114,p_0058,view,,207,2025-08-24T05:01:43
i_002530,u_0114,p_0057,view,,232,2025-10-15T02:06:43
i_002531,u_0114,p_0062,view,,154,2025-10-02T21:21:43
i_002532,u_0114,p_0067,view,,188,2025-10-09T14:06:43
i_002533,u_0114,p_0013,checkin,4.4,,2025-09-12T05:33:43
i_002534,u_0114,p_0060,view,,259,2025-08-21T10:18:43
i_002535,u_0114,p_0062,checkin,4.7,,2025-07-24T14:19:43
i_002536,u_0114,p_0103,click,5.0,378,2025-09-23T16:51:43
i_002537,u_0114,p_0062,click,4.1,357,2025-07-16T23:50:43
i_002538,u_0114,p_0056,view,,291,2025-11-04T16:47:43
i_002539,u_0114,p_0109,save,4.2,,2025-11-01T13:52:43
i_002540,u_0114,p_0064,save,4.3,,2025-07-23T19:42:43
i_002541,u_0114,p_0117,click,5.0,234,2025-10-04T14:00:43
i_002542,u_0114,p_0065,click,3.7,181,2025-09-22T19:03:43
i_002543,u_0114,p_0067,save,4.6,,2025-09-17T13:15:43
i_002544,u_0115,p_0006,view,,308,2025-08-05T23:05:43
i_002545,u_0115,p_0114,save,,,2025-09-12T08:50:43
i_002546,u_0115,p_0067,view,,329,2025-07-28T23:07:43
i_002547,u_0115,p_0064,click,4.5,295,2025-09-18T13:55:43
i_002548,u_0115,p_0062,view,,173,2025-10-24T11:49:43
i_002549,u_0115,p_0001,save,3.3,,2025-09-09T06:33:43
i_002550,u_0115,p_0015,save,3.3,,2025-09-05T09:08:43
i_002551,u_0115,p_0065,click,4.9,336,2025-11-01T03:09:43
i_002552,u_0115,p_0012,checkin,,,2025-11-01T04:53:43
i_002553,u_0115,p_0009,checkin,4.4,,2025-08-21T09:59:43
i_002554,u_0115,p_0007,view,,315,2025-09-23T04:19:43
i_002555,u_0115,p_0106,view,,270,2025-10-08T00:08:43
i_002556,u_0115,p_0060,click,,130,2025-08-21T10:49:43
i_002557,u_0115,p_0118,click,3.5,64,2025-08-16T23:19:43
i_002558,u_0115,p_0117,view,,243,2025-09-02T10:38:43
i_002559,u_0115,p_0057,checkin,3.7,,2025-10-02T13:20:43
i_002560,u_0115,p_0006,click,4.4,309,2025-08-09T20:05:43
i_002561,u_0115,p_0117,view,,226,2025-09-23T01:24:43
i_002562,u_0115,p_0101,checkin,3.5,,2025-07-19T09:18:43
i_002563,u_0115,p_0060,checkin,3.9,,2025-08-03T17:05:43
i_002564,u_0115,p_0059,view,,336,2025-09-14T06:21:43
i_002565,u_0115,p_0059,click,,371,2025-08-09T03:51:43
i_002566,u_0116,p_0011,save,3.1,,2025-07-09T15:57:43
i_002567,u_0116,p_0006,click,,340,2025-07-20T03:56:43
i_002568,u_0116,p_0060,checkin,4.1,,2025-09-13T17:34:43
i_002569,u_0116,p_0060,view,,286,2025-08-30T03:06:43
i_002570,u_0116,p_0006,click,3.9,285,2025-11-02T12:06:43
i_002571,u_0116,p_0002,click,,88,2025-08-22T07:12:43
i_002572,u_0116,p_0106,view,,228,2025-08-02T05:28:43
i_002573,u_0116,p_0057,click,4.2,255,2025-10-22T02:21:43
i_002574,u_0116,p_0007,save,,,2025-07-30T13:19:43
i_002575,u_0116,p_0018,click,4.0,56,2025-07-23T23:53:43
i_002576,u_0116,p_0010,view,,172,2025-09-14T22:06:43
i_002577,u_0116,p_0063,click,5.0,258,2025-11-05T03:54:43
i_002578,u_0116,p_0066,click,,318,2025-10-01T11:11:43
i_002579,u_0116,p_0062,click,4.9,274,2025-08-04T06:03:43
i_002580,u_0116,p_0006,view,,301,2025-07-15T17:16:43
i_002581,u_0116,p_0014,save,3.3,,2025-09-12T16:31:43
i_002582,u_0116,p_0017,checkin,2.8,,2025-10-29T19:41:43
i_002583,u_0116,p_0066,click,3.9,162,2025-08-30T14:53:43
i_002584,u_0116,p_0016,view,,138,2025-07-10T16:59:43
i_002585,u_0116,p_0004,view,,212,2025-09-22T16:16:43
i_002586,u_0116,p_0059,checkin,,,2025-07-18T09:23:43
i_002587,u_0117,p_0060,view,,286,2025-10-01T17:41:43
i_002588,u_0117,p_0114,click,3.7,197,2025-08-15T07:07:43
i_002589,u_0117,p_0066,click,5.0,175,2025-08-14T23:10:43
i_002590,u_0117,p_0056,view,,284,2025-09-11T23:23:43
i_002591,u_0117,p_0067,click,5.0,230,2025-07-29T18:58:43
i_002592,u_0117,p_0059,view,,269,2025-07-16T04:32:43
i_002593,u_0117,p_0104,save,3.8,,2025-10-16T20:05:43
i_002594,u_0117,p_0103,save,,,2025-10-18T08:33:43
i_002595,u_0117,p_0117,checkin,4.4,,2025-07-31T22:29:43
i_002596,u_0117,p_0060,click,4.9,152,2025-10-23T21:53:43
i_002597,u_0117,p_0063,checkin,4.8,,2025-07-17T13:20:43
i_002598,u_0117,p_0060,save,4.5,,2025-09-03T02:56:43
i_002599,u_0117,p_0106,checkin,,,2025-08-21T05:12:43
i_002600,u_0117,p_0056,view,,436,2025-09-23T12:08:43
i_002601,u_0117,p_0013,view,,326,2025-08-17T14:41:43
i_002602,u_0117,p_0112,view,,162,2025-08-16T17:35:43
i_002603,u_0117,p_0110,save,2.7,,2025-08-20T17:24:43
i_002604,u_0118,p_0055,view,,20,2025-10-05T09:50:43
i_002605,u_0118,p_0055,view,,30,2025-08-11T02:21:43
i_002606,u_0118,p_0009,view,,92,2025-10-20T15:33:43
i_002607,u_0118,p_0017,view,,197,2025-08-06T00:34:43
i_002608,u_0118,p_0056,click,,323,2025-08-11T14:32:43
i_002609,u_0118,p_0015,view,,136,2025-09-21T00:03:43
i_002610,u_0118,p_0014,click,,108,2025-08-03T14:45:43
i_002611,u_0118,p_0001,view,,47,2025-08-10T22:29:43
i_002612,u_0118,p_0010,click,4.4,429,2025-10-08T11:58:43
i_002613,u_0118,p_0066,view,,178,2025-07-28T14:37:43
i_002614,u_0118,p_0066,view,,383,2025-08-16T14:38:43
i_002615,u_0118,p_0002,view,,317,2025-07-30T02:43:43
i_002616,u_0118,p_0002,view,,249,2025-10-14T07:05:43
i_002617,u_0118,p_0067,view,,276,2025-09-04T06:12:43
i_002618,u_0118,p_0001,view,,238,2025-09-17T08:56:43
i_002619,u_0118,p_0119,view,,291,2025-08-08T16:52:43
i_002620,u_0118,p_0056,save,4.8,,2025-10-10T09:39:43
i_002621,u_0118,p_0103,checkin,,,2025-09-28T02:45:43
i_002622,u_0118,p_0018,view,,284,2025-07-31T22:29:43
i_002623,u_0118,p_0064,save,3.6,,2025-10-01T17:29:43
i_002624,u_0119,p_0061,click,,68,2025-10-17T05:35:43
i_002625,u_0119,p_0112,checkin,4.6,,2025-10-06T14:05:43
i_002626,u_0119,p_0018,click,,249,2025-08-03T02:14:43
i_002627,u_0119,p_0013,click,4.2,305,2025-10-08T23:22:43
i_002628,u_0119,p_0006,view,,328,2025-10-08T05:08:43
i_002629,u_0119,p_0115,click,3.2,160,2025-09-13T09:58:43
i_002630,u_0119,p_0117,click,,128,2025-09-11T03:26:43
i_002631,u_0119,p_0117,click,4.0,287,2025-08-31T04:09:43
i_002632,u_0119,p_0057,click,,231,2025-10-06T07:07:43
i_002633,u_0119,p_0103,save,,,2025-10-30T20:07:43
i_002634,u_0119,p_0057,view,,284,2025-09-30T05:39:43
i_002635,u_0119,p_0059,view,,154,2025-09-07T04:15:43
i_002636,u_0119,p_0066,click,4.8,197,2025-08-20T11:55:43
i_002637,u_0119,p_0005,view,,329,2025-10-29T20:57:43
i_002638,u_0119,p_0057,click,,223,2025-09-17T13:24:43
i_002639,u_0119,p_0018,view,,203,2025-09-09T23:21:43
i_002640,u_0119,p_0115,view,,120,2025-07-09T10:46:43
i_002641,u_0119,p_0066,view,,227,2025-10-29T03:23:43
i_002642,u_0119,p_0112,click,4.5,183,2025-07-23T02:36:43
i_002643,u_0119,p_0055,checkin,3.7,,2025-08-20T11:13:43
i_002644,u_0119,p_0064,view,,334,2025-09-14T20:42:43
i_002645,u_0120,p_0060,checkin,4.3,,2025-07-07T19:55:43
i_002646,u_0120,p_0014,view,,205,2025-07-26T23:12:43
i_002647,u_0120,p_0110,view,,293,2025-07-20T05:11:43
i_002648,u_0120,p_0006,view,,382,2025-07-14T03:18:43
i_002649,u_0120,p_0104,view,,230,2025-07-20T15:15:43
i_002650,u_0120,p_0056,click,4.4,281,2025-10-06T18:47:43
i_002651,u_0120,p_0060,checkin,4.7,,2025-10-03T13:18:43
i_002652,u_0120,p_0001,save,,,2025-08-07T05:59:43
i_002653,u_0120,p_0117,click,,171,2025-08-24T07:23:43
i_002654,u_0120,p_0118,view,,231,2025-10-12T00:12:43
i_002655,u_0120,p_0106,click,4.2,45,2025-09-18T07:02:43
i_002656,u_0120,p_0056,click,,266,2025-09-10T09:08:43
i_002657,u_0120,p_0063,view,,308,2025-07-23T13:17:43
i_002658,u_0120,p_0057,view,,368,2025-08-26T12:50:43
i_002659,u_0120,p_0004,click,,170,2025-10-08T16:08:43
i_002660,u_0120,p_0004,click,4.4,154,2025-10-06T20:22:43
i_002661,u_0120,p_0114,click,4.3,211,2025-07-08T05:02:43
i_002662,u_0120,p_0112,click,,211,2025-10-30T21:07:43
i_002663,u_0120,p_0111,view,,136,2025-07-16T16:22:43
i_002664,u_0120,p_0063,view,,367,2025-07-23T07:20:43
i_002665,u_0120,p_0007,checkin,3.6,,2025-08-19T09:56:43
i_002666,u_0120,p_0103,view,,418,2025-08-03T08:59:43
i_002667,u_0120,p_0009,view,,201,2025-10-23T01:48:43
i_002668,u_0120,p_0010,view,,373,2025-08-18T00:42:43
i_002669,u_0120,p_0012,click,3.3,193,2025-07-12T06:28:43
i_002670,u_0120,p_0005,save,,,2025-09-07T20:54:43
i_002671,u_0120,p_0058,click,4.6,188,2025-11-02T19:55:43
i_002672,u_0120,p_0115,view,,149,2025-07-17T10:32:43
i_002673,u_0121,p_0065,view,,236,2025-08-24T01:19:43
i_002674,u_0121,p_0063,click,,251,2025-07-29T05:52:43
i_002675,u_0121,p_0113,view,,313,2025-07-09T12:23:43
i_002676,u_0121,p_0059,click,4.4,234,2025-10-03T23:15:43
i_002677,u_0121,p_0056,click,5.0,317,2025-08-27T23:43:43
i_002678,u_0121,p_0062,view,,216,2025-08-26T22:23:43
i_002679,u_0121,p_0058,view,,249,2025-10-27T17:15:43
i_002680,u_0121,p_0013,view,,180,2025-10-15T04:19:43
i_002681,u_0121,p_0064,view,,247,2025-08-17T09:25:43
i_002682,u_0121,p_0057,click,,247,2025-08-19T11:41:43
i_002683,u_0121,p_0058,click,4.9,333,2025-10-06T12:47:43
i_002684,u_0121,p_0056,click,,297,2025-10-14T06:02:43
i_002685,u_0121,p_0065,view,,316,2025-07-28T20:20:43
i_002686,u_0121,p_0008,view,,244,2025-07-07T18:27:43
i_002687,u_0121,p_0012,click,3.3,139,2025-10-05T23:07:43
i_002688,u_0121,p_0109,click,,148,2025-07-29T10:24:43
i_002689,u_0121,p_0057,click,,305,2025-07-29T14:17:43
i_002690,u_0121,p_0061,click,3.3,141,2025-11-04T07:12:43
i_002691,u_0121,p_0016,click,4.1,328,2025-09-13T10:57:43
i_002692,u_0121,p_0061,save,,,2025-07-31T04:05:43
i_002693,u_0121,p_0013,view,,193,2025-09-21T07:13:43
i_002694,u_0121,p_0063,click,5.0,266,2025-07-24T05:58:43
i_002695,u_0121,p_0060,save,3.5,,2025-09-22T18:55:43
i_002696,u_0121,p_0067,click,3.5,193,2025-10-15T18:23:43
i_002697,u_0121,p_0015,view,,99,2025-08-09T17:11:43
i_002698,u_0121,p_0057,click,4.8,167,2025-07-16T13:53:43
i_002699,u_0121,p_0114,click,3.5,220,2025-07-31T09:57:43
i_002700,u_0121,p_0014,click,3.0,228,2025-07-17T06:38:43
i_002701,u_0121,p_0063,view,,342,2025-07-10T08:28:43
i_002702,u_0122,p_0114,save,,,2025-09-24T09:22:43
i_002703,u_0122,p_0004,checkin,,,2025-08-07T21:50:43
i_002704,u_0122,p_0101,view,,233,2025-10-31T18:58:43
i_002705,u_0122,p_0055,view,,136,2025-10-12T08:06:43
i_002706,u_0122,p_0063,checkin,4.8,,2025-09-12T05:20:43
i_002707,u_0122,p_0067,click,,188,2025-07-23T11:45:43
i_002708,u_0122,p_0056,save,4.3,,2025-07-17T07:55:43
i_002709,u_0122,p_0057,click,,347,2025-10-19T03:51:43
i_002710,u_0122,p_0109,view,,105,2025-07-10T05:14:43
i_002711,u_0122,p_0106,save,,,2025-09-16T17:36:43
i_002712,u_0122,p_0019,save,5.0,,2025-10-08T20:48:43
i_002713,u_0122,p_0063,view,,287,2025-08-16T16:07:43
i_002714,u_0122,p_0103,click,,264,2025-10-10T16:22:43
i_002715,u_0122,p_0065,save,4.3,,2025-08-18T07:08:43
i_002716,u_0122,p_0061,click,3.2,157,2025-08-25T01:05:43
i_002717,u_0122,p_0101,view,,343,2025-07-17T01:22:43
i_002718,u_0122,p_0064,click,3.9,342,2025-11-02T23:34:43
i_002719,u_0122,p_0010,view,,204,2025-09-02T15:37:43
i_002720,u_0122,p_0106,view,,140,2025-09-06T22:39:43
i_002721,u_0122,p_0063,view,,176,2025-09-14T19:48:43
i_002722,u_0122,p_0066,checkin,,,2025-08-15T05:28:43
i_002723,u_0122,p_0059,save,,,2025-07-24T22:11:43
i_002724,u_0122,p_0010,view,,118,2025-07-18T04:58:43
i_002725,u_0122,p_0103,click,,180,2025-10-15T05:01:43
i_002726,u_0122,p_0057,click,3.7,247,2025-07-20T05:58:43
i_002727,u_0122,p_0013,view,,367,2025-07-21T05:18:43
i_002728,u_0122,p_0063,click,3.6,286,2025-08-31T18:00:43
i_002729,u_0122,p_0016,click,,124,2025-11-01T19:35:43
i_002730,u_0123,p_0117,view,,224,2025-09-12T08:49:43
i_002731,u_0123,p_0114,view,,267,2025-10-28T17:33:43
i_002732,u_0123,p_0014,checkin,3.7,,2025-08-22T15:30:43
i_002733,u_0123,p_0059,click,,307,2025-11-01T15:25:43
i_002734,u_0123,p_0016,checkin,,,2025-10-06T12:58:43
i_002735,u_0123,p_0005,click,4.1,196,2025-07-18T04:20:43
i_002736,u_0123,p_0006,click,5.0,299,2025-10-04T14:49:43
i_002737,u_0123,p_0063,view,,446,2025-08-17T07:06:43
i_002738,u_0123,p_0113,click,,444,2025-08-11T07:21:43
i_002739,u_0123,p_0065,view,,239,2025-08-03T09:32:43
i_002740,u_0123,p_0067,click,3.2,71,2025-07-22T14:28:43
i_002741,u_0123,p_0056,checkin,,,2025-09-14T18:14:43
i_002742,u_0123,p_0066,click,,321,2025-08-10T04:27:43
i_002743,u_0123,p_0006,click,2.7,363,2025-10-26T08:42:43
i_002744,u_0123,p_0002,click,4.9,121,2025-08-04T10:08:43
i_002745,u_0124,p_0006,click,4.3,417,2025-08-29T14:29:43
i_002746,u_0124,p_0056,view,,319,2025-08-22T22:01:43
i_002747,u_0124,p_0115,view,,216,2025-07-23T11:15:43
i_002748,u_0124,p_0008,checkin,,,2025-09-09T18:30:43
i_002749,u_0124,p_0061,save,,,2025-10-02T14:51:43
i_002750,u_0124,p_0117,save,4.6,,2025-08-23T16:07:43
i_002751,u_0124,p_0066,view,,215,2025-08-02T08:41:43
i_002752,u_0124,p_0006,view,,292,2025-09-30T03:36:43
i_002753,u_0124,p_0018,click,4.3,324,2025-11-01T02:13:43
i_002754,u_0124,p_0110,save,,,2025-10-23T02:43:43
i_002755,u_0124,p_0064,view,,236,2025-10-30T17:01:43
i_002756,u_0124,p_0115,view,,302,2025-08-21T13:59:43
i_002757,u_0124,p_0013,view,,222,2025-09-25T10:00:43
i_002758,u_0124,p_0113,view,,232,2025-08-29T09:47:43
i_002759,u_0124,p_0057,save,,,2025-07-22T10:52:43
i_002760,u_0124,p_0007,view,,253,2025-09-21T23:37:43
i_002761,u_0124,p_0063,view,,195,2025-07-17T11:25:43
i_002762,u_0124,p_0065,click,,269,2025-11-01T03:02:43
i_002763,u_0124,p_0066,click,,213,2025-07-28T09:27:43
i_002764,u_0124,p_0066,checkin,,,2025-10-12T06:48:43
i_002765,u_0124,p_0058,click,4.2,421,2025-08-17T05:36:43
i_002766,u_0124,p_0061,click,,235,2025-08-25T22:52:43
i_002767,u_0124,p_0063,view,,315,2025-10-19T21:46:43
i_002768,u_0124,p_0117,view,,315,2025-08-25T03:11:43
i_002769,u_0124,p_0056,click,4.1,182,2025-08-19T19:03:43
i_002770,u_0124,p_0061,click,,206,2025-09-03T02:36:43
i_002771,u_0125,p_0015,checkin,,,2025-10-18T09:27:43
i_002772,u_0125,p_0103,save,4.1,,2025-10-09T01:11:43
i_002773,u_0125,p_0104,checkin,,,2025-07-09T21:15:43
i_002774,u_0125,p_0013,view,,225,2025-09-13T20:43:43
i_002775,u_0125,p_0001,checkin,,,2025-08-26T20:23:43
i_002776,u_0125,p_0013,view,,321,2025-07-18T02:36:43
i_002777,u_0125,p_0013,save,4.3,,2025-10-09T19:31:43
i_002778,u_0125,p_0006,view,,289,2025-09-25T10:48:43
i_002779,u_0125,p_0060,checkin,3.7,,2025-07-30T19:49:43
i_002780,u_0125,p_0112,click,,152,2025-10-05T04:50:43
i_002781,u_0125,p_0014,save,4.1,,2025-09-12T10:44:43
i_002782,u_0125,p_0015,click,3.3,264,2025-09-26T21:34:43
i_002783,u_0125,p_0112,view,,287,2025-07-18T10:12:43
i_002784,u_0125,p_0064,checkin,4.5,,2025-11-01T16:07:43
i_002785,u_0125,p_0006,checkin,4.2,,2025-08-26T15:33:43
i_002786,u_0125,p_0062,click,,210,2025-08-09T02:24:43
i_002787,u_0125,p_0113,view,,297,2025-08-16T22:10:43
i_002788,u_0125,p_0108,save,2.7,,2025-07-26T07:26:43
i_002789,u_0125,p_0055,view,,196,2025-07-27T16:52:43
i_002790,u_0126,p_0019,view,,200,2025-09-04T16:46:43
i_002791,u_0126,p_0057,save,4.5,,2025-07-31T16:58:43
i_002792,u_0126,p_0014,click,4.1,123,2025-07-20T13:33:43
i_002793,u_0126,p_0060,save,3.2,,2025-10-30T22:11:43
i_002794,u_0126,p_0113,save,4.6,,2025-10-03T09:48:43
i_002795,u_0126,p_0063,view,,357,2025-09-30T06:05:43
i_002796,u_0126,p_0065,click,3.3,233,2025-08-29T00:46:43
i_002797,u_0126,p_0104,checkin,3.9,,2025-09-07T20:29:43
i_002798,u_0126,p_0110,view,,270,2025-10-25T08:57:43
i_002799,u_0126,p_0104,save,3.1,,2025-09-26T10:53:43
i_002800,u_0126,p_0066,save,,,2025-08-18T12:55:43
i_002801,u_0126,p_0063,save,,,2025-07-16T06:33:43
i_002802,u_0126,p_0017,view,,159,2025-07-24T20:05:43
i_002803,u_0126,p_0013,view,,252,2025-08-13T07:11:43
i_002804,u_0126,p_0064,checkin,5.0,,2025-08-08T22:38:43
i_002805,u_0126,p_0111,click,4.1,203,2025-11-01T22:53:43
i_002806,u_0126,p_0005,view,,153,2025-08-20T07:43:43
i_002807,u_0126,p_0011,checkin,5.0,,2025-09-13T23:42:43
i_002808,u_0126,p_0055,checkin,3.9,,2025-08-19T00:10:43
i_002809,u_0126,p_0104,click,4.3,289,2025-07-30T19:34:43
i_002810,u_0127,p_0011,view,,81,2025-10-09T16:09:43
i_002811,u_0127,p_0010,click,3.7,436,2025-07-28T14:07:43
i_002812,u_0127,p_0001,view,,297,2025-09-25T02:26:43
i_002813,u_0127,p_0067,click,4.8,239,2025-10-16T14:18:43
i_002814,u_0127,p_0065,view,,189,2025-09-12T10:28:43
i_002815,u_0127,p_0013,save,,,2025-08-03T23:48:43
i_002816,u_0127,p_0103,click,,206,2025-08-11T13:38:43
i_002817,u_0127,p_0064,view,,390,2025-09-14T21:53:43
i_002818,u_0127,p_0106,view,,195,2025-08-23T01:40:43
i_002819,u_0127,p_0004,click,,186,2025-07-10T07:57:43
i_002820,u_0127,p_0060,checkin,3.7,,2025-10-09T00:01:43
i_002821,u_0127,p_0002,view,,71,2025-08-01T19:12:43
i_002822,u_0127,p_0006,click,4.8,281,2025-08-04T01:22:43
i_002823,u_0127,p_0055,click,3.3,230,2025-11-01T11:47:43
i_002824,u_0127,p_0059,click,,382,2025-08-06T16:21:43
i_002825,u_0127,p_0112,save,3.7,,2025-07-18T17:33:43
i_002826,u_0127,p_0060,click,,98,2025-08-26T12:08:43
i_002827,u_0127,p_0055,save,,,2025-08-07T05:31:43
i_002828,u_0127,p_0067,click,4.7,291,2025-09-09T15:55:43
i_002829,u_0127,p_0065,view,,392,2025-08-19T05:57:43
i_002830,u_0127,p_0103,view,,230,2025-07-28T18:31:43
i_002831,u_0127,p_0064,view,,268,2025-08-05T20:26:43
i_002832,u_0127,p_0065,save,3.9,,2025-10-06T21:25:43
i_002833,u_0127,p_0007,view,,374,2025-08-10T19:21:43
i_002834,u_0127,p_0016,checkin,3.3,,2025-07-29T00:15:43
i_002835,u_0128,p_0113,view,,280,2025-07-22T14:27:43
i_002836,u_0128,p_0062,checkin,4.1,,2025-10-01T18:05:43
i_002837,u_0128,p_0059,click,,206,2025-09-22T06:47:43
i_002838,u_0128,p_0013,view,,159,2025-09-21T13:57:43
i_002839,u_0128,p_0063,save,4.7,,2025-07-11T16:06:43
i_002840,u_0128,p_0119,view,,264,2025-09-25T20:11:43
i_002841,u_0128,p_0111,view,,191,2025-08-25T05:38:43
i_002842,u_0128,p_0005,save,,,2025-10-06T02:21:43
i_002843,u_0128,p_0002,view,,372,2025-08-22T03:38:43
i_002844,u_0128,p_0016,view,,154,2025-08-11T08:40:43
i_002845,u_0128,p_0114,click,,267,2025-09-20T16:42:43
i_002846,u_0128,p_0105,click,,240,2025-09-26T21:52:43
i_002847,u_0128,p_0057,checkin,,,2025-07-15T20:58:43
i_002848,u_0128,p_0065,view,,260,2025-07-12T03:33:43
i_002849,u_0128,p_0009,view,,139,2025-07-10T17:32:43
i_002850,u_0128,p_0117,save,,,2025-10-13T23:44:43
i_002851,u_0128,p_0012,view,,36,2025-10-05T08:18:43
i_002852,u_0128,p_0062,checkin,,,2025-08-01T05:32:43
i_002853,u_0128,p_0056,view,,217,2025-10-18T07:40:43
i_002854,u_0128,p_0019,view,,36,2025-09-17T00:00:43
i_002855,u_0128,p_0002,view,,268,2025-09-24T05:09:43
i_002856,u_0128,p_0058,save,,,2025-10-13T15:20:43
i_002857,u_0128,p_0017,click,,187,2025-08-04T07:54:43
i_002858,u_0128,p_0055,click,3.2,302,2025-08-09T17:01:43
i_002859,u_0128,p_0115,save,3.6,,2025-09-28T13:49:43
i_002860,u_0129,p_0016,view,,169,2025-09-23T04:38:43
i_002861,u_0129,p_0006,checkin,4.4,,2025-09-03T14:17:43
i_002862,u_0129,p_0016,view,,192,2025-10-02T18:30:43
i_002863,u_0129,p_0018,view,,257,2025-07-17T05:42:43
i_002864,u_0129,p_0117,view,,164,2025-07-17T00:26:43
i_002865,u_0129,p_0061,view,,113,2025-08-23T20:43:43
i_002866,u_0129,p_0115,view,,207,2025-08-11T03:48:43
i_002867,u_0129,p_0107,view,,95,2025-09-25T03:44:43
i_002868,u_0129,p_0011,view,,258,2025-08-14T18:27:43
i_002869,u_0129,p_0101,view,,123,2025-10-16T07:31:43
i_002870,u_0129,p_0012,click,,177,2025-08-12T22:58:43
i_002871,u_0129,p_0065,click,,37,2025-09-14T22:22:43
i_002872,u_0129,p_0064,save,5.0,,2025-08-12T18:40:43
i_002873,u_0129,p_0017,checkin,2.0,,2025-07-26T08:27:43
i_002874,u_0129,p_0103,view,,255,2025-10-29T21:49:43
i_002875,u_0129,p_0057,save,,,2025-10-11T09:37:43
i_002876,u_0129,p_0006,click,3.6,176,2025-09-12T05:21:43
i_002877,u_0129,p_0063,view,,305,2025-09-29T06:16:43
i_002878,u_0129,p_0059,save,4.3,,2025-10-31T19:28:43
i_002879,u_0129,p_0018,click,3.9,196,2025-08-14T00:32:43
i_002880,u_0129,p_0009,view,,127,2025-08-04T20:33:43
i_002881,u_0129,p_0103,view,,324,2025-07-25T08:34:43
i_002882,u_0129,p_0007,click,3.4,160,2025-09-02T10:13:43
i_002883,u_0129,p_0007,view,,244,2025-10-26T10:07:43
i_002884,u_0130,p_0067,click,,259,2025-08-09T13:52:43
i_002885,u_0130,p_0065,checkin,4.0,,2025-08-21T23:12:43
i_002886,u_0130,p_0119,checkin,3.0,,2025-09-24T00:07:43
i_002887,u_0130,p_0065,click,4.9,256,2025-07-24T15:40:43
i_002888,u_0130,p_0065,click,4.0,203,2025-07-09T01:01:43
i_002889,u_0130,p_0117,click,,93,2025-08-21T01:10:43
i_002890,u_0130,p_0063,click,5.0,315,2025-09-28T01:56:43
i_002891,u_0130,p_0017,view,,206,2025-09-08T01:43:43
i_002892,u_0130,p_0112,save,,,2025-09-14T09:53:43
i_002893,u_0130,p_0060,view,,70,2025-08-18T06:59:43
i_002894,u_0130,p_0056,save,,,2025-09-13T01:27:43
i_002895,u_0130,p_0113,view,,282,2025-08-07T20:32:43
i_002896,u_0130,p_0115,save,,,2025-08-08T19:52:43
i_002897,u_0130,p_0014,save,3.7,,2025-08-15T12:37:43
i_002898,u_0130,p_0007,save,,,2025-08-21T14:07:43
i_002899,u_0131,p_0115,click,,190,2025-09-14T02:06:43
i_002900,u_0131,p_0064,click,,231,2025-07-27T15:08:43
i_002901,u_0131,p_0065,click,4.2,315,2025-08-16T16:43:43
i_002902,u_0131,p_0006,view,,337,2025-08-09T13:33:43
i_002903,u_0131,p_0057,view,,345,2025-09-15T09:16:43
i_002904,u_0131,p_0065,click,,206,2025-10-26T22:23:43
i_002905,u_0131,p_0059,view,,212,2025-09-15T16:31:43
i_002906,u_0131,p_0008,view,,171,2025-10-18T01:38:43
i_002907,u_0131,p_0009,click,,177,2025-09-23T13:10:43
i_002908,u_0131,p_0059,save,4.5,,2025-08-07T19:10:43
i_002909,u_0131,p_0060,view,,305,2025-08-04T03:23:43
i_002910,u_0131,p_0115,view,,119,2025-10-16T00:15:43
i_002911,u_0131,p_0117,view,,270,2025-07-22T02:00:43
i_002912,u_0131,p_0066,click,3.7,193,2025-07-16T13:05:43
i_002913,u_0131,p_0066,save,,,2025-07-20T10:23:43
i_002914,u_0131,p_0001,save,3.0,,2025-10-19T05:37:43
i_002915,u_0131,p_0056,click,,411,2025-10-18T14:20:43
i_002916,u_0131,p_0119,click,,230,2025-08-27T19:10:43
i_002917,u_0131,p_0106,click,,97,2025-10-09T00:10:43
i_002918,u_0132,p_0106,click,3.5,81,2025-08-04T12:09:43
i_002919,u_0132,p_0057,save,,,2025-09-22T02:35:43
i_002920,u_0132,p_0002,click,4.2,197,2025-08-31T10:59:43
i_002921,u_0132,p_0065,click,,239,2025-08-21T05:04:43
i_002922,u_0132,p_0057,save,,,2025-11-04T06:56:43
i_002923,u_0132,p_0067,save,4.0,,2025-11-01T08:33:43
i_002924,u_0132,p_0067,save,,,2025-08-30T11:50:43
i_002925,u_0132,p_0064,view,,271,2025-09-16T18:39:43
i_002926,u_0132,p_0116,view,,97,2025-07-20T04:19:43
i_002927,u_0132,p_0001,save,,,2025-09-15T08:00:43
i_002928,u_0132,p_0064,click,5.0,301,2025-08-17T12:44:43
i_002929,u_0132,p_0107,view,,163,2025-08-21T10:42:43
i_002930,u_0132,p_0066,save,,,2025-10-17T22:50:43
i_002931,u_0132,p_0005,view,,223,2025-09-04T02:06:43
i_002932,u_0132,p_0064,click,,272,2025-08-13T12:38:43
i_002933,u_0132,p_0115,click,,47,2025-08-09T13:09:43
i_002934,u_0132,p_0065,view,,255,2025-10-19T18:51:43
i_002935,u_0132,p_0008,view,,134,2025-08-26T17:48:43
i_002936,u_0132,p_0111,view,,250,2025-09-11T13:28:43
i_002937,u_0132,p_0013,checkin,,,2025-10-11T13:24:43
i_002938,u_0132,p_0056,save,,,2025-07-09T16:57:43
i_002939,u_0132,p_0103,view,,287,2025-09-25T11:24:43
i_002940,u_0133,p_0066,view,,266,2025-08-12T06:15:43
i_002941,u_0133,p_0066,view,,407,2025-08-02T10:23:43
i_002942,u_0133,p_0055,view,,183,2025-09-30T09:00:43
i_002943,u_0133,p_0103,checkin,,,2025-07-14T21:40:43
i_002944,u_0133,p_0058,save,,,2025-09-04T19:27:43
i_002945,u_0133,p_0117,click,,210,2025-09-06T20:36:43
i_002946,u_0133,p_0006,save,,,2025-10-30T22:04:43
i_002947,u_0133,p_0056,click,,415,2025-08-23T18:19:43
i_002948,u_0133,p_0119,view,,95,2025-10-19T11:35:43
i_002949,u_0133,p_0064,click,,209,2025-08-21T16:41:43
i_002950,u_0133,p_0060,save,3.8,,2025-08-08T14:55:43
i_002951,u_0133,p_0015,click,4.1,165,2025-10-11T20:06:43
i_002952,u_0133,p_0118,click,,74,2025-07-09T16:34:43
i_002953,u_0133,p_0018,view,,433,2025-07-26T11:59:43
i_002954,u_0133,p_0011,click,5.0,124,2025-09-13T16:08:43
i_002955,u_0133,p_0060,save,4.2,,2025-09-22T09:51:43
i_002956,u_0133,p_0009,save,,,2025-10-22T00:27:43
i_002957,u_0133,p_0004,click,,79,2025-08-03T04:15:43
i_002958,u_0133,p_0109,view,,188,2025-08-03T11:52:43
i_002959,u_0133,p_0055,click,4.0,188,2025-08-13T05:01:43
i_002960,u_0133,p_0005,checkin,5.0,,2025-09-08T03:04:43
i_002961,u_0134,p_0005,click,,218,2025-09-09T08:00:43
i_002962,u_0134,p_0056,view,,288,2025-08-02T12:50:43
i_002963,u_0134,p_0057,save,3.1,,2025-10-05T23:15:43
i_002964,u_0134,p_0065,view,,326,2025-10-23T19:02:43
i_002965,u_0134,p_0067,click,,200,2025-10-23T03:42:43
i_002966,u_0134,p_0001,click,2.9,250,2025-08-16T08:37:43
i_002967,u_0134,p_0006,view,,401,2025-10-22T16:20:43
i_002968,u_0134,p_0009,click,,158,2025-10-17T06:01:43
i_002969,u_0134,p_0062,view,,345,2025-10-02T07:17:43
i_002970,u_0134,p_0064,click,4.4,277,2025-10-16T08:20:43
i_002971,u_0134,p_0065,click,4.4,167,2025-10-21T08:47:43
i_002972,u_0134,p_0011,click,4.0,174,2025-10-26T00:08:43
i_002973,u_0134,p_0003,view,,235,2025-08-16T21:12:43
i_002974,u_0134,p_0062,save,4.9,,2025-09-15T14:52:43
i_002975,u_0134,p_0056,view,,189,2025-11-04T15:33:43
i_002976,u_0135,p_0062,view,,228,2025-07-29T20:11:43
i_002977,u_0135,p_0065,view,,270,2025-07-22T03:48:43
i_002978,u_0135,p_0055,click,,92,2025-08-31T02:31:43
i_002979,u_0135,p_0007,view,,310,2025-09-16T21:14:43
i_002980,u_0135,p_0006,view,,281,2025-08-19T14:30:43
i_002981,u_0135,p_0056,click,4.5,358,2025-09-07T16:18:43
i_002982,u_0135,p_0012,save,,,2025-08-28T15:10:43
i_002983,u_0135,p_0058,view,,400,2025-09-25T18:12:43
i_002984,u_0135,p_0015,view,,251,2025-10-31T02:24:43
i_002985,u_0135,p_0059,view,,361,2025-08-05T01:32:43
i_002986,u_0135,p_0067,click,4.4,360,2025-09-28T02:13:43
i_002987,u_0135,p_0005,view,,183,2025-09-24T19:50:43
i_002988,u_0135,p_0065,view,,267,2025-07-17T14:20:43
i_002989,u_0135,p_0064,checkin,4.2,,2025-08-12T17:23:43
i_002990,u_0135,p_0014,view,,217,2025-10-16T18:07:43
i_002991,u_0135,p_0063,view,,309,2025-10-22T05:32:43
i_002992,u_0135,p_0103,view,,297,2025-07-10T02:46:43
i_002993,u_0135,p_0066,save,4.2,,2025-08-15T15:19:43
i_002994,u_0135,p_0101,view,,264,2025-08-10T17:15:43
i_002995,u_0135,p_0065,save,,,2025-08-09T19:49:43
i_002996,u_0135,p_0002,view,,336,2025-07-14T22:49:43
i_002997,u_0136,p_0063,checkin,,,2025-10-13T03:44:43
i_002998,u_0136,p_0113,view,,344,2025-08-02T06:27:43
i_002999,u_0136,p_0003,checkin,3.9,,2025-09-07T22:27:43
i_003000,u_0136,p_0111,view,,182,2025-10-20T06:02:43
i_003001,u_0136,p_0060,view,,162,2025-08-11T13:16:43
i_003002,u_0136,p_0063,view,,347,2025-10-18T14:41:43
i_003003,u_0136,p_0059,view,,198,2025-09-11T23:47:43
i_003004,u_0136,p_0064,checkin,4.2,,2025-08-30T02:44:43
i_003005,u_0136,p_0002,view,,69,2025-07-12T05:08:43
i_003006,u_0136,p_0063,checkin,4.6,,2025-08-17T11:29:43
i_003007,u_0136,p_0116,save,,,2025-09-08T14:03:43
i_003008,u_0136,p_0014,view,,233,2025-09-16T01:27:43
i_003009,u_0136,p_0059,click,3.4,151,2025-09-21T08:38:43
i_003010,u_0136,p_0016,view,,213,2025-08-12T07:51:43
i_003011,u_0136,p_0108,view,,20,2025-09-12T10:03:43
i_003012,u_0136,p_0002,view,,161,2025-08-05T04:03:43
i_003013,u_0136,p_0001,checkin,,,2025-10-04T05:54:43
i_003014,u_0136,p_0113,click,,297,2025-10-04T06:52:43
i_003015,u_0136,p_0059,view,,37,2025-08-19T07:11:43
i_003016,u_0136,p_0006,view,,281,2025-10-08T10:34:43
i_003017,u_0136,p_0067,click,,71,2025-07-09T03:39:43
i_003018,u_0137,p_0106,view,,298,2025-07-28T13:50:43
i_003019,u_0137,p_0137,click,,435,2025-07-25T03:45:43
i_003020,u_0137,p_0129,click,3.6,159,2025-08-03T07:23:43
i_003021,u_0137,p_0135,click,4.4,306,2025-09-20T05:31:43
i_003022,u_0137,p_0122,view,,35,2025-07-16T14:56:43
i_003023,u_0137,p_0138,view,,85,2025-10-17T20:14:43
i_003024,u_0137,p_0113,view,,258,2025-09-14T16:39:43
i_003025,u_0137,p_0130,view,,54,2025-09-23T09:58:43
i_003026,u_0137,p_0138,checkin,,,2025-10-04T04:35:43
i_003027,u_0137,p_0130,view,,91,2025-08-24T03:20:43
i_003028,u_0137,p_0118,save,4.2,,2025-08-22T20:54:43
i_003029,u_0137,p_0125,click,4.8,92,2025-08-20T14:17:43
i_003030,u_0137,p_0124,save,3.9,,2025-09-24T22:48:43
i_003031,u_0137,p_0121,view,,127,2025-08-06T07:22:43
i_003032,u_0137,p_0131,save,4.4,,2025-09-19T20:01:43
i_003033,u_0137,p_0102,click,,300,2025-10-31T00:53:43
i_003034,u_0137,p_0125,save,,,2025-10-26T20:37:43
i_003035,u_0137,p_0126,view,,323,2025-08-21T09:39:43
i_003036,u_0137,p_0121,view,,20,2025-07-17T15:46:43
i_003037,u_0137,p_0101,view,,140,2025-09-01T17:33:43
i_003038,u_0137,p_0136,click,4.3,165,2025-08-18T06:23:43
i_003039,u_0137,p_0118,click,,156,2025-07-26T22:21:43
i_003040,u_0137,p_0120,view,,217,2025-10-09T10:17:43
i_003041,u_0138,p_0107,click,4.1,88,2025-08-22T12:44:43
i_003042,u_0138,p_0126,view,,188,2025-10-18T02:35:43
i_003043,u_0138,p_0130,view,,214,2025-09-28T19:56:43
i_003044,u_0138,p_0133,click,2.8,266,2025-10-01T12:09:43
i_003045,u_0138,p_0102,save,,,2025-09-28T04:07:43
i_003046,u_0138,p_0132,save,5.0,,2025-09-18T19:50:43
i_003047,u_0138,p_0106,click,,253,2025-10-27T13:35:43
i_003048,u_0138,p_0129,click,,207,2025-07-17T15:54:43
i_003049,u_0138,p_0131,view,,280,2025-10-26T02:49:43
i_003050,u_0138,p_0130,save,4.0,,2025-08-10T17:33:43
i_003051,u_0138,p_0137,view,,323,2025-07-13T08:17:43
i_003052,u_0138,p_0138,view,,236,2025-10-16T02:43:43
i_003053,u_0138,p_0129,checkin,4.3,,2025-08-17T02:24:43
i_003054,u_0138,p_0124,view,,267,2025-10-31T02:38:43
i_003055,u_0138,p_0128,view,,339,2025-09-28T13:48:43
i_003056,u_0138,p_0125,view,,20,2025-07-29T10:25:43
i_003057,u_0138,p_0128,view,,248,2025-08-09T02:07:43
i_003058,u_0138,p_0102,view,,20,2025-11-03T10:54:43
i_003059,u_0138,p_0120,save,5.0,,2025-07-25T16:53:43
i_003060,u_0138,p_0112,save,,,2025-09-16T20:17:43
i_003061,u_0138,p_0106,view,,336,2025-08-03T20:12:43
i_003062,u_0139,p_0105,click,,273,2025-08-14T03:01:43
i_003063,u_0139,p_0115,click,,312,2025-09-06T08:07:43
i_003064,u_0139,p_0119,click,3.9,190,2025-09-07T23:02:43
i_003065,u_0139,p_0103,checkin,4.2,,2025-07-16T08:18:43
i_003066,u_0139,p_0136,view,,143,2025-08-19T14:04:43
i_003067,u_0139,p_0115,view,,178,2025-08-31T17:35:43
i_003068,u_0139,p_0139,view,,163,2025-10-06T05:38:43
i_003069,u_0139,p_0120,view,,298,2025-09-24T08:16:43
i_003070,u_0139,p_0105,click,3.1,176,2025-07-23T19:18:43
i_003071,u_0139,p_0134,view,,121,2025-07-25T02:57:43
i_003072,u_0139,p_0138,click,,170,2025-07-24T19:24:43
i_003073,u_0139,p_0135,click,,228,2025-08-18T15:31:43
i_003074,u_0139,p_0125,view,,115,2025-08-05T05:46:43
i_003075,u_0139,p_0128,view,,290,2025-10-31T17:50:43
i_003076,u_0139,p_0102,save,3.5,,2025-10-19T14:45:43
i_003077,u_0139,p_0131,save,2.7,,2025-08-08T02:24:43
i_003078,u_0139,p_0118,view,,377,2025-08-04T07:29:43
i_003079,u_0139,p_0117,view,,174,2025-10-09T22:02:43
i_003080,u_0139,p_0132,click,4.2,228,2025-08-15T23:06:43
i_003081,u_0139,p_0127,view,,354,2025-07-12T13:08:43
i_003082,u_0139,p_0113,save,,,2025-10-28T12:13:43
i_003083,u_0139,p_0131,view,,216,2025-07-18T01:14:43
i_003084,u_0139,p_0136,view,,186,2025-08-24T04:06:43
i_003085,u_0139,p_0106,save,4.1,,2025-10-12T00:53:43
i_003086,u_0139,p_0118,view,,160,2025-09-22T06:08:43
i_003087,u_0139,p_0120,view,,207,2025-09-01T13:19:43
i_003088,u_0139,p_0126,checkin,,,2025-10-08T14:21:43
i_003089,u_0139,p_0126,click,,253,2025-11-03T03:34:43
i_003090,u_0139,p_0120,click,,210,2025-10-06T11:39:43
i_003091,u_0139,p_0136,click,4.8,164,2025-08-23T11:10:43
i_003092,u_0140,p_0115,view,,186,2025-10-10T21:34:43
i_003093,u_0140,p_0119,view,,243,2025-10-16T13:47:43
i_003094,u_0140,p_0138,view,,301,2025-10-08T10:57:43
i_003095,u_0140,p_0139,view,,186,2025-07-14T09:47:43
i_003096,u_0140,p_0132,view,,134,2025-07-16T08:33:43
i_003097,u_0140,p_0137,view,,342,2025-09-29T00:00:43
i_003098,u_0140,p_0126,view,,233,2025-07-17T05:41:43
i_003099,u_0140,p_0134,view,,165,2025-09-22T07:13:43
i_003100,u_0140,p_0136,view,,186,2025-10-25T11:41:43
i_003101,u_0140,p_0139,click,,201,2025-07-22T21:19:43
i_003102,u_0140,p_0127,click,,143,2025-08-27T23:29:43
i_003103,u_0140,p_0137,checkin,,,2025-08-22T01:37:43
i_003104,u_0140,p_0136,view,,150,2025-09-16T00:05:43
i_003105,u_0140,p_0120,click,3.3,418,2025-10-11T19:23:43
i_003106,u_0140,p_0121,click,,159,2025-10-05T19:47:43
i_003107,u_0140,p_0113,save,4.0,,2025-09-26T01:34:43
i_003108,u_0140,p_0137,save,5.0,,2025-07-23T17:10:43
i_003109,u_0140,p_0139,checkin,,,2025-08-10T23:22:43
i_003110,u_0140,p_0107,save,3.8,,2025-10-30T16:23:43
i_003111,u_0140,p_0123,click,,101,2025-08-05T09:45:43
i_003112,u_0140,p_0136,click,3.5,380,2025-10-03T12:42:43
i_003113,u_0140,p_0133,view,,308,2025-08-25T10:54:43
i_003114,u_0140,p_0135,save,3.3,,2025-09-07T04:06:43
i_003115,u_0140,p_0132,checkin,3.8,,2025-08-28T13:19:43
i_003116,u_0140,p_0132,checkin,,,2025-08-14T16:54:43
i_003117,u_0141,p_0106,save,4.6,,2025-08-09T05:02:43
i_003118,u_0141,p_0101,view,,237,2025-07-08T23:44:43
i_003119,u_0141,p_0120,view,,219,2025-08-08T14:45:43
i_003120,u_0141,p_0131,save,,,2025-09-25T00:09:43
i_003121,u_0141,p_0114,view,,114,2025-08-31T02:27:43
i_003122,u_0141,p_0137,checkin,,,2025-09-05T16:31:43
i_003123,u_0141,p_0101,view,,208,2025-07-18T11:32:43
i_003124,u_0141,p_0118,view,,165,2025-07-23T00:51:43
i_003125,u_0141,p_0121,save,4.2,,2025-08-05T19:53:43
i_003126,u_0141,p_0113,click,4.0,372,2025-10-09T06:23:43
i_003127,u_0141,p_0134,view,,307,2025-08-31T03:39:43
i_003128,u_0141,p_0123,view,,189,2025-11-04T15:29:43
i_003129,u_0141,p_0131,view,,188,2025-08-05T21:50:43
i_003130,u_0141,p_0134,click,,293,2025-07-29T04:15:43
i_003131,u_0141,p_0126,click,,249,2025-10-30T21:56:43
i_003132,u_0141,p_0121,click,3.9,92,2025-08-14T04:24:43
i_003133,u_0141,p_0128,view,,315,2025-08-03T13:43:43
i_003134,u_0141,p_0132,click,,273,2025-07-20T23:34:43
i_003135,u_0141,p_0136,save,4.1,,2025-09-19T05:59:43
i_003136,u_0142,p_0115,view,,34,2025-10-18T05:24:43
i_003137,u_0142,p_0128,click,,264,2025-10-15T01:20:43
i_003138,u_0142,p_0137,view,,302,2025-09-14T00:08:43
i_003139,u_0142,p_0132,checkin,,,2025-09-20T13:51:43
i_003140,u_0142,p_0136,view,,211,2025-10-16T21:51:43
i_003141,u_0142,p_0115,view,,220,2025-07-20T15:19:43
i_003142,u_0142,p_0124,save,3.7,,2025-07-10T02:18:43
i_003143,u_0142,p_0131,view,,203,2025-08-24T14:34:43
i_003144,u_0142,p_0126,save,4.2,,2025-07-20T22:07:43
i_003145,u_0142,p_0136,view,,54,2025-09-23T06:33:43
i_003146,u_0142,p_0132,view,,223,2025-07-21T14:36:43
i_003147,u_0142,p_0123,view,,207,2025-08-04T19:17:43
i_003148,u_0142,p_0138,save,,,2025-10-14T04:19:43
i_003149,u_0142,p_0113,click,5.0,341,2025-08-24T03:15:43
i_003150,u_0142,p_0136,save,4.1,,2025-07-19T17:02:43
i_003151,u_0142,p_0119,save,3.5,,2025-10-22T01:09:43
i_003152,u_0142,p_0135,save,,,2025-07-17T09:57:43
i_003153,u_0142,p_0130,view,,285,2025-08-24T09:03:43
i_003154,u_0142,p_0132,view,,277,2025-10-28T08:02:43
i_003155,u_0142,p_0130,save,,,2025-08-10T16:18:43
i_003156,u_0142,p_0124,view,,386,2025-09-12T16:09:43
i_003157,u_0142,p_0106,click,4.6,297,2025-08-01T19:42:43
i_003158,u_0142,p_0109,view,,370,2025-09-09T08:36:43
i_003159,u_0142,p_0132,click,,261,2025-07-14T18:18:43
i_003160,u_0142,p_0131,click,,184,2025-11-02T13:46:43
i_003161,u_0142,p_0117,click,,144,2025-10-15T10:10:43
i_003162,u_0142,p_0107,view,,124,2025-07-30T05:46:43
i_003163,u_0142,p_0125,click,4.7,290,2025-07-24T17:16:43
i_003164,u_0143,p_0138,view,,330,2025-10-14T09:18:43
i_003165,u_0143,p_0107,click,3.6,227,2025-08-02T01:53:43
i_003166,u_0143,p_0102,save,3.9,,2025-10-31T12:33:43
i_003167,u_0143,p_0107,view,,260,2025-09-18T12:08:43
i_003168,u_0143,p_0121,click,3.8,66,2025-10-06T07:44:43
i_003169,u_0143,p_0125,click,3.3,144,2025-11-03T08:21:43
i_003170,u_0143,p_0113,click,3.8,214,2025-09-07T07:56:43
i_003171,u_0143,p_0125,click,,301,2025-09-07T09:53:43
i_003172,u_0143,p_0137,view,,328,2025-08-06T17:24:43
i_003173,u_0143,p_0101,view,,280,2025-10-23T04:55:43
i_003174,u_0143,p_0114,view,,219,2025-07-15T22:22:43
i_003175,u_0143,p_0129,save,4.0,,2025-07-08T04:47:43
i_003176,u_0143,p_0132,view,,108,2025-10-27T13:17:43
i_003177,u_0143,p_0101,checkin,3.9,,2025-08-04T19:01:43
i_003178,u_0143,p_0137,click,,286,2025-09-06T04:57:43
i_003179,u_0143,p_0133,view,,35,2025-07-14T10:18:43
i_003180,u_0143,p_0137,view,,363,2025-09-21T14:18:43
i_003181,u_0143,p_0106,view,,279,2025-10-15T04:05:43
i_003182,u_0144,p_0106,view,,353,2025-09-07T20:49:43
i_003183,u_0144,p_0129,click,3.9,255,2025-08-11T06:22:43
i_003184,u_0144,p_0138,click,4.5,327,2025-10-01T15:03:43
i_003185,u_0144,p_0102,save,4.3,,2025-10-18T11:07:43
i_003186,u_0144,p_0124,view,,295,2025-08-19T11:50:43
i_003187,u_0144,p_0120,save,,,2025-09-04T09:46:43
i_003188,u_0144,p_0123,view,,195,2025-09-15T05:15:43
i_003189,u_0144,p_0120,view,,277,2025-09-12T09:32:43
i_003190,u_0144,p_0137,checkin,4.5,,2025-09-26T13:38:43
i_003191,u_0144,p_0128,click,4.7,321,2025-07-22T20:47:43
i_003192,u_0144,p_0115,view,,318,2025-08-05T14:34:43
i_003193,u_0144,p_0138,view,,322,2025-09-11T18:17:43
i_003194,u_0144,p_0130,view,,288,2025-10-10T12:02:43
i_003195,u_0144,p_0131,view,,216,2025-09-02T20:44:43
i_003196,u_0144,p_0136,view,,169,2025-08-06T07:11:43
i_003197,u_0144,p_0105,checkin,2.2,,2025-10-26T14:26:43
i_003198,u_0144,p_0131,view,,179,2025-09-23T02:39:43
i_003199,u_0144,p_0136,save,4.3,,2025-10-09T00:30:43
i_003200,u_0145,p_0136,click,5.0,296,2025-10-08T08:53:43
i_003201,u_0145,p_0131,view,,144,2025-09-08T12:15:43
i_003202,u_0145,p_0123,save,,,2025-07-17T07:14:43
i_003203,u_0145,p_0119,click,,198,2025-09-24T07:35:43
i_003204,u_0145,p_0120,view,,379,2025-09-03T13:42:43
i_003205,u_0145,p_0139,click,4.0,158,2025-09-16T05:36:43
i_003206,u_0145,p_0127,view,,252,2025-08-23T22:22:43
i_003207,u_0145,p_0132,save,,,2025-10-09T15:10:43
i_003208,u_0145,p_0119,save,,,2025-10-15T00:30:43
i_003209,u_0145,p_0122,view,,87,2025-07-26T01:42:43
i_003210,u_0145,p_0125,click,2.4,191,2025-10-17T12:30:43
i_003211,u_0145,p_0106,view,,269,2025-09-24T11:25:43
i_003212,u_0145,p_0127,view,,222,2025-08-25T01:01:43
i_003213,u_0145,p_0106,view,,249,2025-09-26T00:06:43
i_003214,u_0145,p_0137,view,,308,2025-09-22T06:45:43
i_003215,u_0145,p_0134,view,,182,2025-10-07T01:52:43
i_003216,u_0145,p_0127,view,,169,2025-07-14T00:47:43
i_003217,u_0146,p_0128,view,,221,2025-11-05T04:25:43
i_003218,u_0146,p_0138,view,,373,2025-08-10T21:26:43
i_003219,u_0146,p_0138,view,,61,2025-08-29T17:40:43
i_003220,u_0146,p_0107,checkin,,,2025-10-28T00:11:43
i_003221,u_0146,p_0133,view,,173,2025-07-25T18:49:43
i_003222,u_0146,p_0122,view,,131,2025-07-19T23:22:43
i_003223,u_0146,p_0132,view,,234,2025-09-19T12:11:43
i_003224,u_0146,p_0138,save,5.0,,2025-08-08T08:43:43
i_003225,u_0146,p_0135,save,3.6,,2025-10-30T08:48:43
i_003226,u_0146,p_0124,view,,219,2025-08-26T13:14:43
i_003227,u_0146,p_0102,save,,,2025-07-24T19:38:43
i_003228,u_0146,p_0115,view,,169,2025-08-24T04:40:43
i_003229,u_0146,p_0115,save,3.6,,2025-07-17T13:34:43
i_003230,u_0146,p_0137,view,,268,2025-09-23T05:37:43
i_003231,u_0146,p_0132,checkin,3.9,,2025-09-20T11:52:43
i_003232,u_0146,p_0120,click,,392,2025-08-13T22:22:43
i_003233,u_0146,p_0126,view,,292,2025-09-25T19:15:43
i_003234,u_0146,p_0106,view,,306,2025-07-27T22:29:43
i_003235,u_0146,p_0128,view,,125,2025-08-09T15:48:43
i_003236,u_0146,p_0137,view,,320,2025-10-02T04:20:43
i_003237,u_0146,p_0130,checkin,4.5,,2025-10-31T05:05:43
i_003238,u_0146,p_0129,view,,199,2025-10-22T19:32:43
i_003239,u_0146,p_0106,checkin,5.0,,2025-08-17T22:15:43
i_003240,u_0146,p_0134,click,,193,2025-08-06T19:39:43
i_003241,u_0146,p_0136,view,,172,2025-07-13T10:53:43
i_003242,u_0146,p_0102,click,3.3,99,2025-08-12T15:39:43
i_003243,u_0146,p_0135,save,,,2025-10-14T05:15:43
i_003244,u_0146,p_0123,click,,326,2025-07-11T13:58:43
i_003245,u_0147,p_0136,view,,283,2025-07-25T22:29:43
i_003246,u_0147,p_0102,save,3.6,,2025-08-10T19:27:43
i_003247,u_0147,p_0135,click,3.0,207,2025-08-23T13:08:43
i_003248,u_0147,p_0121,view,,155,2025-08-24T19:39:43
i_003249,u_0147,p_0127,save,3.2,,2025-10-06T05:49:43
i_003250,u_0147,p_0134,view,,73,2025-10-09T04:46:43
i_003251,u_0147,p_0135,click,3.8,145,2025-07-09T08:50:43
i_003252,u_0147,p_0132,checkin,,,2025-07-19T12:43:43
i_003253,u_0147,p_0130,save,,,2025-08-24T01:03:43
i_003254,u_0147,p_0134,view,,164,2025-08-08T21:39:43
i_003255,u_0147,p_0131,checkin,,,2025-07-23T18:51:43
i_003256,u_0147,p_0127,click,3.9,105,2025-07-16T19:18:43
i_003257,u_0147,p_0122,save,,,2025-10-20T20:50:43
i_003258,u_0147,p_0107,save,,,2025-08-16T02:45:43
i_003259,u_0147,p_0113,click,4.3,207,2025-08-11T15:20:43
i_003260,u_0147,p_0122,click,,135,2025-09-03T05:02:43
i_003261,u_0147,p_0107,click,,99,2025-07-29T17:57:43
i_003262,u_0147,p_0132,click,,283,2025-07-09T03:01:43
i_003263,u_0147,p_0132,save,,,2025-09-14T15:25:43
i_003264,u_0147,p_0133,checkin,,,2025-07-18T13:43:43
i_003265,u_0147,p_0126,view,,307,2025-08-09T07:45:43
i_003266,u_0147,p_0106,view,,394,2025-10-21T21:44:43
i_003267,u_0147,p_0138,checkin,,,2025-09-14T19:55:43
i_003268,u_0147,p_0132,view,,264,2025-08-31T23:54:43
i_003269,u_0147,p_0128,checkin,3.2,,2025-09-14T16:28:43
i_003270,u_0147,p_0115,view,,79,2025-10-04T19:42:43
i_003271,u_0147,p_0106,click,,245,2025-10-14T23:00:43
i_003272,u_0148,p_0107,view,,104,2025-10-09T06:58:43
i_003273,u_0148,p_0101,view,,265,2025-07-24T17:40:43
i_003274,u_0148,p_0137,click,4.0,302,2025-09-27T06:19:43
i_003275,u_0148,p_0131,view,,99,2025-10-31T09:35:43
i_003276,u_0148,p_0120,view,,245,2025-10-09T22:51:43
i_003277,u_0148,p_0101,click,,237,2025-10-10T13:46:43
i_003278,u_0148,p_0134,save,,,2025-07-31T23:34:43
i_003279,u_0148,p_0106,view,,209,2025-10-28T07:55:43
i_003280,u_0148,p_0132,view,,141,2025-10-10T10:29:43
i_003281,u_0148,p_0127,click,3.9,261,2025-10-10T01:31:43
i_003282,u_0148,p_0132,view,,279,2025-08-04T20:07:43
i_003283,u_0148,p_0139,save,,,2025-10-08T04:54:43
i_003284,u_0148,p_0132,click,,232,2025-10-21T20:03:43
i_003285,u_0148,p_0102,click,,95,2025-08-25T07:53:43
i_003286,u_0148,p_0127,view,,238,2025-08-14T07:57:43
i_003287,u_0148,p_0129,view,,262,2025-08-30T16:50:43
i_003288,u_0148,p_0137,view,,408,2025-11-04T17:57:43
i_003289,u_0148,p_0131,click,4.2,207,2025-09-06T11:12:43
i_003290,u_0148,p_0115,view,,241,2025-08-24T10:23:43
i_003291,u_0148,p_0137,save,5.0,,2025-08-01T17:57:43
i_003292,u_0148,p_0119,view,,203,2025-08-11T00:43:43
i_003293,u_0148,p_0107,view,,291,2025-07-21T11:06:43
i_003294,u_0148,p_0105,save,,,2025-10-10T10:40:43
i_003295,u_0148,p_0128,view,,147,2025-10-21T04:40:43
i_003296,u_0148,p_0128,view,,140,2025-09-04T12:26:43
i_003297,u_0148,p_0137,save,,,2025-10-29T14:49:43
i_003298,u_0149,p_0120,click,5.0,303,2025-08-23T13:09:43
i_003299,u_0149,p_0116,view,,167,2025-11-03T02:46:43
i_003300,u_0149,p_0113,click,3.3,289,2025-07-29T18:14:43
i_003301,u_0149,p_0135,save,,,2025-09-11T16:04:43
i_003302,u_0149,p_0138,checkin,,,2025-07-09T13:52:43
i_003303,u_0149,p_0113,click,3.0,183,2025-10-28T08:40:43
i_003304,u_0149,p_0123,view,,212,2025-09-14T08:56:43
i_003305,u_0149,p_0132,click,5.0,260,2025-10-05T22:09:43
i_003306,u_0149,p_0128,click,,212,2025-07-08T22:45:43
i_003307,u_0149,p_0136,view,,258,2025-10-11T21:15:43
i_003308,u_0149,p_0134,click,,237,2025-07-26T07:30:43
i_003309,u_0149,p_0134,click,5.0,171,2025-10-30T04:57:43
i_003310,u_0149,p_0121,view,,225,2025-07-30T00:35:43
i_003311,u_0149,p_0134,checkin,4.0,,2025-10-14T08:13:43
i_003312,u_0149,p_0132,view,,170,2025-10-08T10:57:43
i_003313,u_0149,p_0126,click,4.5,394,2025-08-10T01:20:43
i_003314,u_0149,p_0103,checkin,,,2025-08-06T22:00:43
i_003315,u_0149,p_0128,view,,290,2025-10-31T07:30:43
i_003316,u_0149,p_0136,save,4.3,,2025-10-12T17:10:43
i_003317,u_0149,p_0133,view,,151,2025-07-19T00:45:43
i_003318,u_0149,p_0133,save,4.6,,2025-10-01T12:30:43
i_003319,u_0149,p_0127,click,3.5,166,2025-08-01T06:31:43
i_003320,u_0149,p_0125,save,3.8,,2025-08-13T13:28:43
i_003321,u_0149,p_0121,click,3.7,191,2025-10-30T15:44:43
i_003322,u_0149,p_0120,checkin,4.3,,2025-10-07T11:09:43
i_003323,u_0149,p_0122,view,,416,2025-09-08T14:57:43
i_003324,u_0149,p_0122,view,,266,2025-07-20T18:03:43
i_003325,u_0149,p_0132,view,,109,2025-08-22T04:51:43
i_003326,u_0150,p_0125,view,,143,2025-09-05T11:01:43
i_003327,u_0150,p_0125,view,,206,2025-10-10T09:06:43
i_003328,u_0150,p_0116,view,,190,2025-11-04T07:20:43
i_003329,u_0150,p_0121,view,,89,2025-10-15T04:33:43
i_003330,u_0150,p_0119,view,,160,2025-10-06T04:49:43
i_003331,u_0150,p_0114,view,,333,2025-10-03T06:43:43
i_003332,u_0150,p_0106,view,,196,2025-09-24T04:13:43
i_003333,u_0150,p_0126,view,,205,2025-08-04T17:10:43
i_003334,u_0150,p_0135,save,3.8,,2025-10-15T09:28:43
i_003335,u_0150,p_0106,click,4.5,294,2025-10-13T23:12:43
i_003336,u_0150,p_0137,save,,,2025-08-05T11:24:43
i_003337,u_0150,p_0137,click,4.8,335,2025-08-12T09:09:43
i_003338,u_0150,p_0104,view,,244,2025-08-26T13:17:43
i_003339,u_0150,p_0137,save,4.5,,2025-10-05T12:39:43
i_003340,u_0150,p_0120,click,3.9,227,2025-07-16T23:13:43
i_003341,u_0151,p_0129,view,,158,2025-10-30T15:39:43
i_003342,u_0151,p_0121,view,,149,2025-08-03T15:52:43
i_003343,u_0151,p_0123,save,,,2025-09-01T23:41:43
i_003344,u_0151,p_0101,view,,237,2025-07-08T05:34:43
i_003345,u_0151,p_0101,view,,265,2025-09-09T09:50:43
i_003346,u_0151,p_0126,view,,451,2025-10-24T18:52:43
i_003347,u_0151,p_0135,view,,139,2025-10-26T17:09:43
i_003348,u_0151,p_0126,view,,266,2025-09-15T03:08:43
i_003349,u_0151,p_0129,view,,204,2025-10-02T05:25:43
i_003350,u_0151,p_0102,view,,176,2025-10-13T16:18:43
i_003351,u_0151,p_0102,view,,285,2025-08-08T07:48:43
i_003352,u_0151,p_0139,view,,145,2025-08-18T17:56:43
i_003353,u_0151,p_0138,view,,186,2025-07-27T05:49:43
i_003354,u_0151,p_0129,view,,159,2025-10-08T21:43:43
i_003355,u_0151,p_0117,click,4.6,238,2025-10-07T15:36:43
i_003356,u_0151,p_0135,checkin,4.1,,2025-08-28T23:54:43
i_003357,u_0151,p_0126,view,,272,2025-08-13T15:40:43
i_003358,u_0151,p_0138,checkin,4.5,,2025-09-02T18:50:43
i_003359,u_0151,p_0126,click,4.2,416,2025-09-08T04:20:43
i_003360,u_0151,p_0120,save,4.8,,2025-10-21T04:18:43
i_003361,u_0151,p_0130,click,,149,2025-10-28T11:14:43
i_003362,u_0151,p_0106,checkin,,,2025-08-29T16:36:43
i_003363,u_0151,p_0116,view,,102,2025-08-22T19:52:43
i_003364,u_0151,p_0136,view,,190,2025-08-23T03:14:43
i_003365,u_0151,p_0134,checkin,3.1,,2025-10-19T04:31:43
i_003366,u_0151,p_0133,view,,105,2025-08-02T12:04:43
i_003367,u_0151,p_0124,click,3.9,266,2025-08-04T08:31:43
i_003368,u_0152,p_0136,view,,174,2025-08-22T15:08:43
i_003369,u_0152,p_0138,view,,286,2025-07-28T10:11:43
i_003370,u_0152,p_0137,checkin,,,2025-10-25T04:29:43
i_003371,u_0152,p_0132,click,,376,2025-10-06T16:19:43
i_003372,u_0152,p_0131,view,,291,2025-08-09T16:20:43
i_003373,u_0152,p_0106,click,4.5,384,2025-11-05T04:04:43
i_003374,u_0152,p_0133,click,3.9,218,2025-09-01T11:00:43
i_003375,u_0152,p_0137,view,,437,2025-07-18T04:58:43
i_003376,u_0152,p_0138,save,,,2025-11-01T22:56:43
i_003377,u_0152,p_0117,save,4.1,,2025-09-20T01:18:43
i_003378,u_0152,p_0126,view,,324,2025-08-03T05:25:43
i_003379,u_0152,p_0137,save,4.8,,2025-10-24T05:15:43
i_003380,u_0152,p_0129,view,,282,2025-08-05T20:00:43
i_003381,u_0152,p_0138,view,,239,2025-09-02T18:25:43
i_003382,u_0152,p_0128,save,4.7,,2025-09-23T16:14:43
i_003383,u_0152,p_0138,view,,257,2025-08-16T00:46:43
i_003384,u_0152,p_0139,view,,78,2025-10-11T09:28:43
i_003385,u_0152,p_0125,save,2.9,,2025-09-29T07:27:43
i_003386,u_0152,p_0113,click,3.1,211,2025-10-30T20:49:43
i_003387,u_0152,p_0139,save,2.3,,2025-10-26T00:22:43
i_003388,u_0152,p_0126,view,,211,2025-08-11T12:58:43
i_003389,u_0152,p_0106,click,4.1,245,2025-07-29T21:03:43
i_003390,u_0152,p_0122,view,,64,2025-07-15T08:18:43
i_003391,u_0152,p_0128,save,,,2025-09-26T16:29:43
i_003392,u_0153,p_0120,view,,278,2025-08-04T14:24:43
i_003393,u_0153,p_0123,view,,313,2025-07-14T15:09:43
i_003394,u_0153,p_0121,save,3.3,,2025-09-02T00:16:43
i_003395,u_0153,p_0126,save,4.2,,2025-10-04T01:24:43
i_003396,u_0153,p_0101,view,,342,2025-10-05T06:58:43
i_003397,u_0153,p_0128,click,5.0,230,2025-08-03T08:52:43
i_003398,u_0153,p_0133,click,3.6,298,2025-11-02T05:15:43
i_003399,u_0153,p_0138,checkin,3.4,,2025-10-16T00:45:43
i_003400,u_0153,p_0124,view,,316,2025-08-13T04:43:43
i_003401,u_0153,p_0135,save,4.4,,2025-11-02T02:51:43
i_003402,u_0153,p_0115,checkin,,,2025-10-17T10:51:43
i_003403,u_0153,p_0136,checkin,4.8,,2025-08-02T19:26:43
i_003404,u_0153,p_0132,view,,191,2025-10-28T05:39:43
i_003405,u_0153,p_0134,save,4.3,,2025-08-23T10:20:43
i_003406,u_0153,p_0126,view,,456,2025-07-11T10:45:43
i_003407,u_0153,p_0126,view,,236,2025-07-23T21:05:43
i_003408,u_0153,p_0101,view,,315,2025-08-25T22:16:43
i_003409,u_0153,p_0124,view,,338,2025-07-08T01:24:43
i_003410,u_0153,p_0129,view,,219,2025-07-14T19:28:43
i_003411,u_0154,p_0131,checkin,,,2025-08-18T01:23:43
i_003412,u_0154,p_0124,view,,203,2025-09-06T18:10:43
i_003413,u_0154,p_0139,click,,20,2025-10-12T03:23:43
i_003414,u_0154,p_0104,click,3.3,146,2025-08-31T12:45:43
i_003415,u_0154,p_0125,view,,111,2025-08-17T01:39:43
i_003416,u_0154,p_0136,view,,354,2025-07-30T13:15:43
i_003417,u_0154,p_0106,view,,254,2025-10-31T12:26:43
i_003418,u_0154,p_0102,click,3.4,343,2025-07-19T19:53:43
i_003419,u_0154,p_0128,click,3.7,291,2025-07-15T21:25:43
i_003420,u_0154,p_0132,save,,,2025-07-31T08:43:43
i_003421,u_0154,p_0137,save,5.0,,2025-10-07T22:33:43
i_003422,u_0154,p_0131,click,4.9,265,2025-10-15T23:59:43
i_003423,u_0154,p_0106,view,,389,2025-10-09T01:09:43
i_003424,u_0154,p_0131,click,4.4,334,2025-08-23T06:39:43
i_003425,u_0154,p_0113,view,,115,2025-09-24T12:20:43
i_003426,u_0154,p_0122,view,,81,2025-08-29T18:18:43
i_003427,u_0155,p_0104,view,,81,2025-08-10T21:11:43
i_003428,u_0155,p_0101,save,,,2025-09-09T00:13:43
i_003429,u_0155,p_0132,view,,351,2025-09-26T10:28:43
i_003430,u_0155,p_0134,view,,150,2025-10-28T09:37:43
i_003431,u_0155,p_0136,save,4.5,,2025-09-23T06:33:43
i_003432,u_0155,p_0126,view,,232,2025-09-12T13:13:43
i_003433,u_0155,p_0136,view,,281,2025-07-10T22:29:43
i_003434,u_0155,p_0124,view,,225,2025-10-05T15:54:43
i_003435,u_0155,p_0137,view,,208,2025-08-04T04:19:43
i_003436,u_0155,p_0123,view,,197,2025-08-21T11:00:43
i_003437,u_0155,p_0113,view,,370,2025-09-02T22:40:43
i_003438,u_0155,p_0125,click,,274,2025-10-18T08:24:43
i_003439,u_0155,p_0123,view,,124,2025-09-10T14:48:43
i_003440,u_0155,p_0116,save,4.6,,2025-07-23T12:46:43
i_003441,u_0155,p_0139,click,4.1,181,2025-08-19T09:18:43
i_003442,u_0156,p_0118,view,,117,2025-08-22T23:46:43
i_003443,u_0156,p_0101,click,,177,2025-10-01T02:34:43
i_003444,u_0156,p_0102,save,4.5,,2025-09-06T08:52:43
i_003445,u_0156,p_0119,view,,254,2025-10-03T07:51:43
i_003446,u_0156,p_0128,view,,229,2025-09-06T00:38:43
i_003447,u_0156,p_0135,checkin,4.0,,2025-09-30T11:59:43
i_003448,u_0156,p_0127,view,,279,2025-11-05T14:04:43
i_003449,u_0156,p_0135,checkin,,,2025-08-21T22:03:43
i_003450,u_0156,p_0130,view,,219,2025-10-29T11:19:43
i_003451,u_0156,p_0126,click,4.8,356,2025-10-10T04:39:43
i_003452,u_0156,p_0132,click,,153,2025-10-29T07:12:43
i_003453,u_0156,p_0107,save,3.9,,2025-10-05T23:23:43
i_003454,u_0156,p_0131,checkin,,,2025-10-25T23:55:43
i_003455,u_0156,p_0131,click,,128,2025-09-25T02:30:43
i_003456,u_0156,p_0136,view,,466,2025-11-05T14:14:43
i_003457,u_0156,p_0102,checkin,3.4,,2025-08-30T05:03:43
i_003458,u_0156,p_0136,checkin,3.1,,2025-10-08T16:07:43
i_003459,u_0156,p_0120,view,,147,2025-11-01T00:46:43
i_003460,u_0157,p_0101,view,,259,2025-09-29T18:07:43
i_003461,u_0157,p_0128,click,,300,2025-09-08T02:33:43
i_003462,u_0157,p_0127,view,,218,2025-08-07T09:54:43
i_003463,u_0157,p_0112,view,,217,2025-08-18T19:35:43
i_003464,u_0157,p_0102,checkin,3.9,,2025-09-16T07:47:43
i_003465,u_0157,p_0123,click,,251,2025-09-14T03:22:43
i_003466,u_0157,p_0106,view,,318,2025-08-09T15:23:43
i_003467,u_0157,p_0101,view,,332,2025-09-09T01:47:43
i_003468,u_0157,p_0125,view,,230,2025-10-19T18:35:43
i_003469,u_0157,p_0128,click,3.5,326,2025-09-17T06:22:43
i_003470,u_0157,p_0104,click,3.3,236,2025-10-30T22:25:43
i_003471,u_0157,p_0125,view,,145,2025-08-07T03:17:43
i_003472,u_0157,p_0122,save,,,2025-07-07T17:32:43
i_003473,u_0157,p_0133,view,,240,2025-11-01T23:50:43
i_003474,u_0157,p_0137,save,,,2025-09-27T14:47:43
i_003475,u_0157,p_0119,checkin,3.4,,2025-08-18T16:07:43
i_003476,u_0157,p_0107,checkin,4.8,,2025-09-15T12:24:43
i_003477,u_0158,p_0109,click,4.1,209,2025-07-16T17:18:43
i_003478,u_0158,p_0103,view,,236,2025-08-26T06:29:43
i_003479,u_0158,p_0113,view,,325,2025-10-31T17:30:43
i_003480,u_0158,p_0129,view,,336,2025-09-02T22:38:43
i_003481,u_0158,p_0129,view,,235,2025-09-16T21:51:43
i_003482,u_0158,p_0130,click,,176,2025-08-15T04:32:43
i_003483,u_0158,p_0115,click,4.5,163,2025-09-01T17:47:43
i_003484,u_0158,p_0134,save,,,2025-10-24T20:22:43
i_003485,u_0158,p_0101,view,,188,2025-08-07T18:43:43
i_003486,u_0158,p_0122,view,,342,2025-10-09T04:51:43
i_003487,u_0158,p_0124,checkin,4.0,,2025-10-16T12:28:43
i_003488,u_0158,p_0137,click,5.0,280,2025-08-30T23:42:43
i_003489,u_0158,p_0135,view,,307,2025-11-02T05:58:43
i_003490,u_0158,p_0115,click,3.7,97,2025-09-21T21:03:43
i_003491,u_0158,p_0136,click,3.3,256,2025-09-28T23:54:43
i_003492,u_0158,p_0103,view,,287,2025-07-21T14:55:43
i_003493,u_0158,p_0138,view,,293,2025-10-11T05:46:43
i_003494,u_0158,p_0132,save,3.9,,2025-11-05T00:53:43
i_003495,u_0159,p_0136,click,3.8,158,2025-08-25T05:40:43
i_003496,u_0159,p_0130,view,,221,2025-10-24T20:57:43
i_003497,u_0159,p_0102,view,,372,2025-11-03T13:06:43
i_003498,u_0159,p_0132,view,,233,2025-07-18T22:37:43
i_003499,u_0159,p_0138,click,,185,2025-07-09T03:06:43
i_003500,u_0159,p_0129,view,,157,2025-10-12T04:51:43
i_003501,u_0159,p_0109,view,,171,2025-07-21T22:03:43
i_003502,u_0159,p_0107,view,,85,2025-09-12T05:45:43
i_003503,u_0159,p_0128,view,,78,2025-08-17T17:12:43
i_003504,u_0159,p_0126,save,5.0,,2025-10-17T18:31:43
i_003505,u_0159,p_0135,click,,175,2025-10-31T20:58:43
i_003506,u_0159,p_0128,save,3.6,,2025-09-13T04:16:43
i_003507,u_0159,p_0120,view,,332,2025-10-13T11:09:43
i_003508,u_0159,p_0132,checkin,,,2025-10-16T06:55:43
i_003509,u_0159,p_0101,view,,242,2025-09-13T05:01:43
i_003510,u_0159,p_0130,checkin,4.6,,2025-09-08T18:29:43
i_003511,u_0159,p_0126,checkin,,,2025-10-02T04:38:43
i_003512,u_0159,p_0125,view,,234,2025-08-18T19:23:43
i_003513,u_0159,p_0120,checkin,4.2,,2025-10-16T02:37:43
i_003514,u_0159,p_0123,checkin,,,2025-09-17T07:32:43
i_003515,u_0159,p_0136,view,,259,2025-08-02T20:56:43
i_003516,u_0159,p_0126,checkin,4.0,,2025-10-21T20:51:43
i_003517,u_0159,p_0137,click,,332,2025-07-19T11:59:43
i_003518,u_0159,p_0134,view,,119,2025-10-24T06:43:43
i_003519,u_0160,p_0103,save,4.5,,2025-10-15T08:58:43
i_003520,u_0160,p_0128,save,3.5,,2025-08-19T10:36:43
i_003521,u_0160,p_0130,click,,171,2025-10-31T09:45:43
i_003522,u_0160,p_0126,view,,283,2025-08-13T13:43:43
i_003523,u_0160,p_0117,save,3.7,,2025-07-24T01:00:43
i_003524,u_0160,p_0123,view,,253,2025-07-13T02:34:43
i_003525,u_0160,p_0136,save,3.7,,2025-08-13T17:58:43
i_003526,u_0160,p_0126,view,,317,2025-09-10T18:36:43
i_003527,u_0160,p_0136,save,3.8,,2025-10-25T07:27:43
i_003528,u_0160,p_0107,view,,200,2025-09-20T15:55:43
i_003529,u_0160,p_0129,view,,168,2025-11-02T17:39:43
i_003530,u_0160,p_0119,click,,20,2025-07-28T19:37:43
i_003531,u_0160,p_0126,click,4.6,298,2025-08-18T02:31:43
i_003532,u_0160,p_0115,click,,294,2025-07-25T16:57:43
i_003533,u_0160,p_0133,checkin,4.5,,2025-08-17T22:54:43
i_003534,u_0160,p_0105,click,,264,2025-09-02T01:46:43
i_003535,u_0160,p_0123,click,4.9,140,2025-10-17T05:48:43
i_003536,u_0160,p_0117,checkin,3.5,,2025-08-03T20:19:43
i_003537,u_0160,p_0123,click,4.3,269,2025-09-23T03:46:43
i_003538,u_0160,p_0132,save,,,2025-10-24T10:16:43
i_003539,u_0160,p_0126,save,3.9,,2025-10-22T05:19:43
i_003540,u_0160,p_0103,view,,124,2025-10-06T13:06:43
i_003541,u_0160,p_0129,view,,221,2025-09-07T18:11:43
i_003542,u_0160,p_0101,click,3.3,159,2025-10-11T13:38:43
i_003543,u_0160,p_0122,view,,218,2025-08-30T21:27:43
i_003544,u_0161,p_0122,save,,,2025-09-30T23:16:43
i_003545,u_0161,p_0122,view,,298,2025-08-23T10:54:43
i_003546,u_0161,p_0101,click,3.8,325,2025-09-07T04:32:43
i_003547,u_0161,p_0120,view,,329,2025-08-21T04:36:43
i_003548,u_0161,p_0115,view,,131,2025-10-01T08:39:43
i_003549,u_0161,p_0137,view,,236,2025-08-11T06:46:43
i_003550,u_0161,p_0137,click,4.6,296,2025-10-30T10:40:43
i_003551,u_0161,p_0101,click,3.3,218,2025-09-20T10:39:43
i_003552,u_0161,p_0138,view,,274,2025-08-02T19:36:43
i_003553,u_0161,p_0132,view,,241,2025-07-26T11:04:43
i_003554,u_0161,p_0106,checkin,4.3,,2025-08-18T00:53:43
i_003555,u_0161,p_0112,view,,186,2025-08-12T12:36:43
i_003556,u_0161,p_0135,click,3.7,31,2025-09-26T10:41:43
i_003557,u_0161,p_0137,checkin,,,2025-08-12T17:10:43
i_003558,u_0161,p_0123,save,,,2025-08-30T12:20:43
i_003559,u_0161,p_0138,click,4.4,194,2025-08-07T20:57:43
i_003560,u_0161,p_0121,save,4.7,,2025-11-02T20:47:43
i_003561,u_0161,p_0120,view,,268,2025-09-22T01:46:43
i_003562,u_0161,p_0138,save,,,2025-08-20T20:45:43
i_003563,u_0161,p_0106,view,,305,2025-10-14T01:17:43
i_003564,u_0161,p_0103,save,,,2025-10-13T01:35:43
i_003565,u_0161,p_0106,view,,401,2025-09-01T07:10:43
i_003566,u_0161,p_0125,view,,207,2025-08-28T20:27:43
i_003567,u_0161,p_0117,view,,73,2025-08-24T18:49:43
i_003568,u_0161,p_0136,checkin,5.0,,2025-09-11T21:23:43
i_003569,u_0161,p_0125,view,,264,2025-08-18T18:18:43
i_003570,u_0161,p_0102,view,,363,2025-08-16T19:46:43
i_003571,u_0161,p_0123,save,3.6,,2025-10-18T11:52:43
i_003572,u_0162,p_0105,save,3.3,,2025-07-21T22:28:43
i_003573,u_0162,p_0131,click,,161,2025-07-13T11:54:43
i_003574,u_0162,p_0124,view,,317,2025-07-17T20:46:43
i_003575,u_0162,p_0139,view,,202,2025-09-12T19:10:43
i_003576,u_0162,p_0133,click,2.1,138,2025-08-05T01:28:43
i_003577,u_0162,p_0124,view,,191,2025-07-23T17:57:43
i_003578,u_0162,p_0101,view,,285,2025-07-22T14:34:43
i_003579,u_0162,p_0126,click,4.8,325,2025-09-15T16:20:43
i_003580,u_0162,p_0137,view,,381,2025-08-23T02:35:43
i_003581,u_0162,p_0106,click,3.7,271,2025-09-19T07:53:43
i_003582,u_0162,p_0115,view,,130,2025-07-23T09:31:43
i_003583,u_0162,p_0128,click,4.1,126,2025-08-27T09:08:43
i_003584,u_0162,p_0136,view,,216,2025-10-03T02:33:43
i_003585,u_0162,p_0122,click,4.7,116,2025-11-04T01:34:43
i_003586,u_0162,p_0136,view,,166,2025-09-27T18:26:43
i_003587,u_0162,p_0128,view,,252,2025-08-01T10:41:43
i_003588,u_0162,p_0120,click,4.4,224,2025-09-30T15:41:43
i_003589,u_0162,p_0138,save,,,2025-07-21T10:34:43
i_003590,u_0162,p_0126,view,,196,2025-10-18T21:05:43
i_003591,u_0162,p_0107,view,,86,2025-09-11T10:43:43
i_003592,u_0162,p_0134,view,,150,2025-08-26T10:09:43
i_003593,u_0162,p_0101,view,,193,2025-09-08T04:42:43
i_003594,u_0162,p_0136,view,,328,2025-10-03T16:24:43
i_003595,u_0162,p_0125,view,,122,2025-08-16T10:18:43
i_003596,u_0162,p_0138,view,,267,2025-09-13T06:45:43
i_003597,u_0162,p_0125,view,,107,2025-07-31T01:14:43
i_003598,u_0162,p_0136,click,2.7,174,2025-09-04T19:42:43
i_003599,u_0162,p_0101,click,5.0,134,2025-07-24T01:36:43
i_003600,u_0162,p_0126,checkin,,,2025-10-27T02:07:43
i_003601,u_0163,p_0107,view,,284,2025-09-10T05:25:43
i_003602,u_0163,p_0113,view,,98,2025-08-09T20:05:43
i_003603,u_0163,p_0131,save,3.9,,2025-07-15T05:05:43
i_003604,u_0163,p_0106,click,5.0,295,2025-09-17T10:23:43
i_003605,u_0163,p_0129,save,3.6,,2025-10-29T07:51:43
i_003606,u_0163,p_0120,view,,297,2025-07-08T15:00:43
i_003607,u_0163,p_0136,view,,247,2025-09-15T18:25:43
i_003608,u_0163,p_0106,checkin,4.5,,2025-09-04T10:47:43
i_003609,u_0163,p_0138,save,,,2025-11-02T18:53:43
i_003610,u_0163,p_0137,click,4.2,284,2025-09-22T00:27:43
i_003611,u_0163,p_0120,checkin,3.2,,2025-10-08T04:19:43
i_003612,u_0163,p_0137,checkin,3.8,,2025-07-12T09:11:43
i_003613,u_0163,p_0105,view,,139,2025-09-11T06:00:43
i_003614,u_0163,p_0124,click,3.0,262,2025-07-15T12:25:43
i_003615,u_0163,p_0112,save,3.7,,2025-07-25T16:48:43
i_003616,u_0164,p_0132,click,4.1,298,2025-11-01T13:26:43
i_003617,u_0164,p_0129,view,,277,2025-09-04T09:55:43
i_003618,u_0164,p_0126,view,,287,2025-10-28T02:42:43
i_003619,u_0164,p_0132,checkin,,,2025-09-15T02:52:43
i_003620,u_0164,p_0137,checkin,,,2025-08-30T16:29:43
i_003621,u_0164,p_0102,view,,139,2025-10-31T04:00:43
i_003622,u_0164,p_0137,click,5.0,185,2025-07-29T03:50:43
i_003623,u_0164,p_0139,click,4.0,115,2025-08-09T17:32:43
i_003624,u_0164,p_0126,view,,353,2025-07-17T14:53:43
i_003625,u_0164,p_0121,save,3.2,,2025-09-08T20:48:43
i_003626,u_0164,p_0123,view,,151,2025-07-28T20:36:43
i_003627,u_0164,p_0122,view,,194,2025-10-07T10:44:43
i_003628,u_0164,p_0131,view,,360,2025-10-30T07:47:43
i_003629,u_0164,p_0138,click,,394,2025-08-24T07:59:43
i_003630,u_0164,p_0131,save,3.9,,2025-08-10T17:12:43
i_003631,u_0164,p_0106,save,5.0,,2025-10-13T03:41:43
i_003632,u_0164,p_0133,click,,224,2025-07-31T06:28:43
i_003633,u_0164,p_0120,view,,353,2025-09-23T05:19:43
i_003634,u_0165,p_0117,view,,167,2025-09-14T21:54:43
i_003635,u_0165,p_0101,click,4.0,229,2025-08-07T17:05:43
i_003636,u_0165,p_0137,click,,131,2025-09-03T13:43:43
i_003637,u_0165,p_0129,view,,256,2025-09-30T05:02:43
i_003638,u_0165,p_0129,save,,,2025-08-06T21:59:43
i_003639,u_0165,p_0127,view,,123,2025-07-26T11:17:43
i_003640,u_0165,p_0132,view,,187,2025-09-02T05:38:43
i_003641,u_0165,p_0120,checkin,4.4,,2025-09-25T23:28:43
i_003642,u_0165,p_0132,view,,299,2025-10-01T07:35:43
i_003643,u_0165,p_0120,view,,327,2025-08-25T03:49:43
i_003644,u_0165,p_0115,click,3.2,214,2025-10-30T02:36:43
i_003645,u_0165,p_0122,checkin,,,2025-07-28T03:45:43
i_003646,u_0165,p_0136,view,,219,2025-11-05T10:11:43
i_003647,u_0165,p_0126,view,,263,2025-10-04T05:44:43
i_003648,u_0165,p_0128,save,,,2025-08-19T15:54:43
i_003649,u_0165,p_0138,view,,239,2025-10-07T17:47:43
i_003650,u_0165,p_0135,view,,249,2025-10-07T02:58:43
i_003651,u_0165,p_0121,checkin,,,2025-08-19T10:07:43
i_003652,u_0165,p_0102,save,,,2025-08-18T03:04:43
i_003653,u_0165,p_0130,view,,76,2025-10-11T05:51:43
i_003654,u_0165,p_0129,click,4.7,99,2025-07-08T21:49:43
i_003655,u_0165,p_0116,checkin,4.2,,2025-07-24T09:17:43
i_003656,u_0165,p_0135,checkin,4.1,,2025-10-24T02:11:43
i_003657,u_0165,p_0125,click,,173,2025-10-18T12:55:43
i_003658,u_0165,p_0102,view,,278,2025-07-22T11:32:43
i_003659,u_0166,p_0122,view,,228,2025-08-13T21:25:43
i_003660,u_0166,p_0131,click,4.8,288,2025-07-31T21:50:43
i_003661,u_0166,p_0128,save,,,2025-07-21T19:07:43
i_003662,u_0166,p_0137,save,,,2025-09-13T11:49:43
i_003663,u_0166,p_0135,click,4.1,233,2025-07-10T17:42:43
i_003664,u_0166,p_0135,click,3.8,219,2025-10-15T08:51:43
i_003665,u_0166,p_0136,click,4.0,245,2025-09-05T22:36:43
i_003666,u_0166,p_0132,checkin,4.0,,2025-10-02T06:26:43
i_003667,u_0166,p_0135,save,,,2025-07-30T12:19:43
i_003668,u_0166,p_0121,save,,,2025-07-27T01:07:43
i_003669,u_0166,p_0127,view,,76,2025-07-14T01:22:43
i_003670,u_0166,p_0101,view,,262,2025-10-25T05:21:43
i_003671,u_0166,p_0138,view,,310,2025-07-13T22:09:43
i_003672,u_0166,p_0138,view,,303,2025-10-19T07:27:43
i_003673,u_0166,p_0128,view,,242,2025-07-12T17:57:43
i_003674,u_0166,p_0105,checkin,3.0,,2025-07-08T22:15:43
i_003675,u_0166,p_0121,click,3.8,142,2025-07-31T10:02:43
i_003676,u_0166,p_0137,click,4.5,366,2025-08-09T10:29:43
i_003677,u_0166,p_0124,click,5.0,345,2025-10-12T13:41:43
i_003678,u_0166,p_0127,save,3.4,,2025-07-28T21:39:43
i_003679,u_0166,p_0119,click,3.9,198,2025-07-27T06:38:43
i_003680,u_0166,p_0122,view,,85,2025-10-18T00:06:43
i_003681,u_0166,p_0126,view,,409,2025-10-30T21:08:43
i_003682,u_0166,p_0137,click,,406,2025-08-13T07:13:43
i_003683,u_0166,p_0136,view,,242,2025-09-07T13:36:43
i_003684,u_0167,p_0119,click,5.0,183,2025-10-04T13:06:43
i_003685,u_0167,p_0123,click,4.2,317,2025-08-06T03:16:43
i_003686,u_0167,p_0131,save,,,2025-08-11T12:48:43
i_003687,u_0167,p_0134,view,,154,2025-10-15T05:27:43
i_003688,u_0167,p_0124,view,,218,2025-09-24T01:44:43
i_003689,u_0167,p_0122,view,,269,2025-09-29T00:22:43
i_003690,u_0167,p_0129,click,3.8,228,2025-08-01T21:22:43
i_003691,u_0167,p_0126,click,5.0,407,2025-10-10T17:56:43
i_003692,u_0167,p_0124,view,,220,2025-10-15T17:43:43
i_003693,u_0167,p_0123,click,,186,2025-10-07T11:27:43
i_003694,u_0167,p_0134,view,,242,2025-11-04T07:55:43
i_003695,u_0167,p_0113,click,,274,2025-08-07T18:24:43
i_003696,u_0167,p_0113,click,5.0,330,2025-10-10T23:23:43
i_003697,u_0167,p_0134,view,,98,2025-10-13T02:56:43
i_003698,u_0167,p_0107,click,,297,2025-09-03T23:24:43
i_003699,u_0167,p_0136,view,,473,2025-07-10T22:59:43
i_003700,u_0167,p_0102,view,,256,2025-08-23T14:19:43
i_003701,u_0167,p_0122,checkin,3.7,,2025-08-11T13:05:43
i_003702,u_0167,p_0124,view,,232,2025-07-18T05:44:43
i_003703,u_0167,p_0117,view,,144,2025-08-06T05:18:43
i_003704,u_0167,p_0125,save,4.1,,2025-10-15T09:49:43
i_003705,u_0167,p_0116,save,,,2025-08-12T16:23:43
i_003706,u_0167,p_0103,save,,,2025-07-13T15:58:43
i_003707,u_0167,p_0124,click,,204,2025-07-23T23:14:43
i_003708,u_0167,p_0129,view,,232,2025-07-27T17:50:43
i_003709,u_0168,p_0130,click,3.4,99,2025-09-29T03:07:43
i_003710,u_0168,p_0115,view,,241,2025-09-15T21:17:43
i_003711,u_0168,p_0125,view,,134,2025-10-13T17:08:43
i_003712,u_0168,p_0135,view,,279,2025-08-29T14:19:43
i_003713,u_0168,p_0105,save,3.0,,2025-07-20T04:04:43
i_003714,u_0168,p_0123,view,,243,2025-08-30T14:20:43
i_003715,u_0168,p_0119,view,,131,2025-09-19T01:26:43
i_003716,u_0168,p_0137,click,3.9,314,2025-09-15T23:16:43
i_003717,u_0168,p_0137,view,,414,2025-07-19T03:23:43
i_003718,u_0168,p_0106,view,,237,2025-10-19T18:35:43
i_003719,u_0168,p_0138,save,2.9,,2025-10-08T08:35:43
i_003720,u_0168,p_0116,view,,29,2025-10-16T09:38:43
i_003721,u_0168,p_0109,view,,117,2025-10-13T19:06:43
i_003722,u_0168,p_0136,view,,285,2025-10-24T02:45:43
i_003723,u_0168,p_0104,click,,60,2025-09-12T19:12:43
i_003724,u_0168,p_0117,save,,,2025-09-30T08:39:43
i_003725,u_0168,p_0101,click,4.6,199,2025-10-13T10:27:43
i_003726,u_0168,p_0133,view,,156,2025-09-22T02:23:43
i_003727,u_0168,p_0123,view,,158,2025-11-03T22:52:43
i_003728,u_0168,p_0126,save,,,2025-10-22T04:05:43
i_003729,u_0168,p_0101,view,,300,2025-08-26T21:58:43
i_003730,u_0168,p_0104,click,,278,2025-08-11T03:24:43
i_003731,u_0168,p_0126,view,,315,2025-08-28T09:29:43
i_003732,u_0168,p_0101,click,4.8,187,2025-10-02T06:40:43
i_003733,u_0168,p_0136,view,,218,2025-08-27T17:37:43
i_003734,u_0168,p_0125,view,,241,2025-09-17T01:06:43
i_003735,u_0169,p_0114,click,4.0,102,2025-07-16T20:57:43
i_003736,u_0169,p_0120,checkin,,,2025-09-08T18:00:43
i_003737,u_0169,p_0137,save,,,2025-10-06T14:04:43
i_003738,u_0169,p_0128,click,4.8,235,2025-07-20T12:27:43
i_003739,u_0169,p_0128,view,,236,2025-10-22T10:48:43
i_003740,u_0169,p_0118,checkin,4.3,,2025-08-06T21:36:43
i_003741,u_0169,p_0106,checkin,3.5,,2025-10-14T18:12:43
i_003742,u_0169,p_0106,view,,310,2025-07-29T15:25:43
i_003743,u_0169,p_0120,view,,189,2025-11-03T12:17:43
i_003744,u_0169,p_0124,view,,284,2025-10-12T18:13:43
i_003745,u_0169,p_0135,view,,105,2025-10-15T09:39:43
i_003746,u_0169,p_0124,click,,226,2025-10-02T07:33:43
i_003747,u_0169,p_0128,click,,245,2025-08-03T14:33:43
i_003748,u_0169,p_0129,click,4.1,301,2025-08-10T18:05:43
i_003749,u_0169,p_0130,view,,238,2025-10-29T08:33:43
i_003750,u_0169,p_0131,checkin,4.1,,2025-10-19T02:00:43
i_003751,u_0169,p_0128,checkin,5.0,,2025-09-19T05:32:43
i_003752,u_0169,p_0138,view,,236,2025-10-21T05:55:43
i_003753,u_0169,p_0133,save,,,2025-10-19T19:22:43
i_003754,u_0169,p_0126,view,,251,2025-07-29T10:15:43
i_003755,u_0169,p_0137,click,3.6,173,2025-07-13T11:19:43
i_003756,u_0169,p_0132,view,,206,2025-09-24T08:31:43
i_003757,u_0169,p_0136,view,,143,2025-10-25T21:02:43
i_003758,u_0170,p_0113,save,,,2025-07-08T11:33:43
i_003759,u_0170,p_0120,click,4.8,310,2025-08-04T03:21:43
i_003760,u_0170,p_0124,save,4.7,,2025-09-05T16:12:43
i_003761,u_0170,p_0103,view,,225,2025-08-01T18:15:43
i_003762,u_0170,p_0128,view,,410,2025-07-26T08:38:43
i_003763,u_0170,p_0137,save,,,2025-10-28T16:12:43
i_003764,u_0170,p_0136,view,,263,2025-09-21T17:03:43
i_003765,u_0170,p_0138,click,3.1,397,2025-09-18T17:25:43
i_003766,u_0170,p_0123,view,,341,2025-07-26T18:51:43
i_003767,u_0170,p_0129,click,3.7,278,2025-09-25T21:13:43
i_003768,u_0170,p_0116,click,3.1,238,2025-08-01T15:44:43
i_003769,u_0170,p_0126,view,,210,2025-10-19T01:38:43
i_003770,u_0170,p_0126,view,,224,2025-09-12T07:11:43
i_003771,u_0170,p_0132,view,,207,2025-09-27T03:24:43
i_003772,u_0170,p_0106,click,4.8,372,2025-09-21T07:46:43
i_003773,u_0170,p_0131,view,,178,2025-10-12T08:18:43
i_003774,u_0170,p_0109,save,4.2,,2025-08-11T03:05:43
i_003775,u_0170,p_0123,view,,170,2025-10-24T10:40:43
i_003776,u_0170,p_0137,click,4.0,254,2025-10-19T04:53:43
i_003777,u_0170,p_0102,view,,244,2025-10-14T02:02:43
i_003778,u_0170,p_0101,click,5.0,215,2025-08-21T18:32:43
i_003779,u_0170,p_0125,click,4.1,280,2025-10-11T20:20:43
i_003780,u_0170,p_0131,click,,181,2025-07-29T00:26:43
i_003781,u_0170,p_0137,click,4.2,378,2025-09-08T08:32:43
i_003782,u_0170,p_0106,view,,312,2025-09-15T15:20:43
i_003783,u_0170,p_0128,view,,312,2025-07-19T16:09:43
i_003784,u_0170,p_0115,view,,280,2025-10-20T11:18:43
i_003785,u_0170,p_0139,view,,206,2025-08-21T09:57:43
i_003786,u_0171,p_0121,view,,129,2025-10-16T07:25:43
i_003787,u_0171,p_0124,view,,111,2025-08-25T13:55:43
i_003788,u_0171,p_0129,view,,374,2025-10-28T02:08:43
i_003789,u_0171,p_0128,view,,291,2025-09-05T07:59:43
i_003790,u_0171,p_0106,save,4.6,,2025-07-23T06:53:43
i_003791,u_0171,p_0135,checkin,4.2,,2025-10-17T12:08:43
i_003792,u_0171,p_0126,click,5.0,491,2025-07-16T02:02:43
i_003793,u_0171,p_0131,click,3.5,216,2025-08-14T17:11:43
i_003794,u_0171,p_0137,view,,375,2025-10-26T00:42:43
i_003795,u_0171,p_0121,view,,143,2025-07-08T04:12:43
i_003796,u_0171,p_0131,click,3.5,208,2025-07-16T03:18:43
i_003797,u_0171,p_0120,view,,153,2025-08-12T22:01:43
i_003798,u_0171,p_0113,click,,264,2025-07-23T02:11:43
i_003799,u_0171,p_0123,view,,108,2025-10-14T00:19:43
i_003800,u_0171,p_0129,view,,369,2025-10-14T09:03:43
i_003801,u_0171,p_0127,view,,20,2025-09-28T04:36:43
i_003802,u_0171,p_0138,click,,195,2025-08-25T17:56:43
i_003803,u_0171,p_0113,view,,301,2025-08-16T02:45:43
i_003804,u_0171,p_0124,view,,187,2025-11-02T00:10:43
i_003805,u_0171,p_0122,view,,166,2025-10-19T16:05:43
i_003806,u_0172,p_0106,view,,238,2025-10-20T04:17:43
i_003807,u_0172,p_0131,view,,299,2025-10-06T15:33:43
i_003808,u_0172,p_0127,view,,180,2025-08-28T21:48:43
i_003809,u_0172,p_0136,click,,275,2025-10-15T12:09:43
i_003810,u_0172,p_0127,view,,198,2025-09-08T17:39:43
i_003811,u_0172,p_0123,view,,328,2025-08-04T00:22:43
i_003812,u_0172,p_0134,save,,,2025-09-10T00:07:43
i_003813,u_0172,p_0127,click,3.5,164,2025-10-04T05:50:43
i_003814,u_0172,p_0131,click,3.9,132,2025-10-08T08:08:43
i_003815,u_0172,p_0127,save,4.2,,2025-07-30T01:59:43
i_003816,u_0172,p_0138,click,,351,2025-08-29T14:00:43
i_003817,u_0172,p_0121,view,,194,2025-08-27T21:22:43
i_003818,u_0172,p_0127,view,,245,2025-07-15T14:43:43
i_003819,u_0172,p_0125,view,,250,2025-07-19T20:17:43
i_003820,u_0172,p_0137,checkin,,,2025-07-22T05:32:43
i_003821,u_0172,p_0135,save,4.1,,2025-11-03T18:12:43
i_003822,u_0172,p_0124,view,,397,2025-09-28T04:32:43
i_003823,u_0172,p_0128,save,3.9,,2025-07-24T21:31:43
i_003824,u_0172,p_0130,save,3.4,,2025-10-28T14:07:43
i_003825,u_0172,p_0132,view,,268,2025-08-04T07:27:43
i_003826,u_0172,p_0120,view,,197,2025-09-01T15:57:43
i_003827,u_0172,p_0106,click,,378,2025-10-04T20:27:43
i_003828,u_0172,p_0137,click,3.3,180,2025-10-21T15:39:43
i_003829,u_0172,p_0113,view,,265,2025-09-16T14:32:43
i_003830,u_0172,p_0123,view,,315,2025-08-27T20:08:43
i_003831,u_0173,p_0125,click,3.7,196,2025-09-04T16:51:43
i_003832,u_0173,p_0117,view,,236,2025-10-02T04:48:43
i_003833,u_0173,p_0123,view,,294,2025-08-16T14:47:43
i_003834,u_0173,p_0137,click,5.0,224,2025-09-14T23:37:43
i_003835,u_0173,p_0138,click,,358,2025-10-03T08:10:43
i_003836,u_0173,p_0105,view,,214,2025-07-30T15:06:43
i_003837,u_0173,p_0103,view,,250,2025-08-17T20:56:43
i_003838,u_0173,p_0136,save,4.5,,2025-09-17T17:23:43
i_003839,u_0173,p_0124,view,,153,2025-09-15T07:27:43
i_003840,u_0173,p_0113,click,,298,2025-07-13T05:41:43
i_003841,u_0173,p_0130,view,,196,2025-10-17T18:54:43
i_003842,u_0173,p_0124,view,,275,2025-10-02T18:47:43
i_003843,u_0173,p_0120,view,,254,2025-10-26T07:41:43
i_003844,u_0173,p_0122,view,,124,2025-07-29T22:10:43
i_003845,u_0173,p_0132,save,5.0,,2025-07-08T21:42:43
i_003846,u_0173,p_0134,click,,197,2025-07-20T05:45:43
i_003847,u_0173,p_0120,view,,245,2025-07-24T07:53:43
i_003848,u_0173,p_0107,click,,315,2025-08-20T14:50:43
i_003849,u_0173,p_0125,checkin,,,2025-10-24T20:44:43
i_003850,u_0173,p_0121,click,4.7,255,2025-08-04T12:21:43
i_003851,u_0173,p_0124,view,,167,2025-09-17T23:07:43
i_003852,u_0174,p_0097,save,4.1,,2025-09-19T07:09:43
i_003853,u_0174,p_0095,click,,325,2025-11-05T15:58:43
i_003854,u_0174,p_0084,view,,31,2025-09-21T04:20:43
i_003855,u_0174,p_0095,view,,384,2025-10-09T02:37:43
i_003856,u_0174,p_0096,save,4.8,,2025-10-31T06:27:43
i_003857,u_0174,p_0080,click,,118,2025-10-09T21:25:43
i_003858,u_0174,p_0097,click,3.2,217,2025-08-22T06:29:43
i_003859,u_0174,p_0095,click,5.0,370,2025-07-10T20:17:43
i_003860,u_0174,p_0089,checkin,,,2025-09-14T12:19:43
i_003861,u_0174,p_0088,click,3.3,185,2025-09-07T14:18:43
i_003862,u_0174,p_0068,click,,234,2025-07-29T03:37:43
i_003863,u_0174,p_0071,view,,210,2025-10-06T13:12:43
i_003864,u_0174,p_0089,view,,484,2025-09-29T10:53:43
i_003865,u_0174,p_0081,click,3.7,258,2025-09-18T21:58:43
i_003866,u_0174,p_0097,view,,237,2025-08-31T13:38:43
i_003867,u_0174,p_0082,view,,164,2025-10-14T14:15:43
i_003868,u_0174,p_0075,click,,161,2025-09-12T04:33:43
i_003869,u_0174,p_0095,view,,208,2025-07-20T12:17:43
i_003870,u_0174,p_0069,click,4.7,229,2025-08-10T06:20:43
i_003871,u_0174,p_0093,click,,269,2025-08-26T22:23:43
i_003872,u_0174,p_0087,checkin,4.0,,2025-09-21T19:21:43
i_003873,u_0174,p_0078,save,3.9,,2025-10-31T12:21:43
i_003874,u_0174,p_0095,click,3.7,400,2025-09-11T14:19:43
i_003875,u_0174,p_0090,view,,144,2025-08-20T21:59:43
i_003876,u_0174,p_0073,checkin,3.5,,2025-10-29T07:43:43
i_003877,u_0174,p_0078,click,,273,2025-09-07T14:41:43
i_003878,u_0174,p_0096,click,4.4,229,2025-09-09T17:43:43
i_003879,u_0175,p_0096,view,,166,2025-09-24T01:27:43
i_003880,u_0175,p_0073,click,4.5,20,2025-11-02T15:13:43
i_003881,u_0175,p_0073,view,,269,2025-08-17T05:05:43
i_003882,u_0175,p_0090,view,,300,2025-07-18T04:16:43
i_003883,u_0175,p_0071,view,,247,2025-08-27T04:00:43
i_003884,u_0175,p_0085,view,,230,2025-08-09T07:56:43
i_003885,u_0175,p_0098,view,,267,2025-07-27T07:40:43
i_003886,u_0175,p_0069,save,,,2025-11-04T08:12:43
i_003887,u_0175,p_0097,view,,260,2025-08-09T16:35:43
i_003888,u_0175,p_0091,view,,207,2025-09-24T01:12:43
i_003889,u_0175,p_0091,click,3.4,142,2025-08-06T08:14:43
i_003890,u_0175,p_0071,save,,,2025-08-16T05:41:43
i_003891,u_0175,p_0097,view,,176,2025-09-18T16:23:43
i_003892,u_0175,p_0070,view,,162,2025-08-05T13:15:43
i_003893,u_0175,p_0071,view,,205,2025-10-29T00:12:43
i_003894,u_0175,p_0095,view,,295,2025-10-24T13:16:43
i_003895,u_0175,p_0085,view,,239,2025-07-17T20:55:43
i_003896,u_0175,p_0070,click,,27,2025-10-08T05:51:43
i_003897,u_0175,p_0096,save,,,2025-07-25T20:39:43
i_003898,u_0175,p_0092,click,,248,2025-10-15T23:25:43
i_003899,u_0176,p_0071,view,,214,2025-10-14T07:42:43
i_003900,u_0176,p_0076,checkin,4.8,,2025-08-22T04:46:43
i_003901,u_0176,p_0085,view,,234,2025-07-25T09:58:43
i_003902,u_0176,p_0094,view,,200,2025-07-09T09:42:43
i_003903,u_0176,p_0098,view,,199,2025-10-16T10:24:43
i_003904,u_0176,p_0097,view,,285,2025-08-22T18:59:43
i_003905,u_0176,p_0094,view,,258,2025-09-30T10:43:43
i_003906,u_0176,p_0094,view,,177,2025-07-31T01:09:43
i_003907,u_0176,p_0086,view,,308,2025-09-02T21:19:43
i_003908,u_0176,p_0099,click,3.9,141,2025-10-23T10:46:43
i_003909,u_0176,p_0072,view,,222,2025-07-26T08:35:43
i_003910,u_0176,p_0069,view,,289,2025-07-21T16:47:43
i_003911,u_0176,p_0086,view,,324,2025-07-22T16:59:43
i_003912,u_0176,p_0093,save,3.7,,2025-08-11T11:13:43
i_003913,u_0176,p_0086,checkin,3.9,,2025-10-05T19:32:43
i_003914,u_0176,p_0092,checkin,3.4,,2025-10-10T20:30:43
i_003915,u_0176,p_0089,click,4.5,364,2025-07-16T09:14:43
i_003916,u_0176,p_0097,checkin,4.1,,2025-07-14T19:17:43
i_003917,u_0176,p_0078,view,,149,2025-08-22T14:37:43
i_003918,u_0176,p_0097,save,5.0,,2025-10-28T12:39:43
i_003919,u_0176,p_0081,click,,468,2025-08-28T04:59:43
i_003920,u_0176,p_0082,click,2.4,281,2025-08-27T12:36:43
i_003921,u_0176,p_0068,view,,297,2025-08-06T07:14:43
i_003922,u_0176,p_0092,view,,20,2025-07-27T15:38:43
i_003923,u_0176,p_0072,click,,246,2025-07-19T12:23:43
i_003924,u_0176,p_0072,save,3.3,,2025-09-28T15:18:43
i_003925,u_0176,p_0089,view,,318,2025-09-27T10:04:43
i_003926,u_0176,p_0096,click,3.8,98,2025-07-21T21:30:43
i_003927,u_0176,p_0090,checkin,3.9,,2025-08-12T15:30:43
i_003928,u_0177,p_0078,click,3.8,338,2025-09-07T05:10:43
i_003929,u_0177,p_0083,click,,20,2025-09-01T21:47:43
i_003930,u_0177,p_0081,view,,278,2025-09-25T23:52:43
i_003931,u_0177,p_0089,view,,408,2025-08-27T01:08:43
i_003932,u_0177,p_0075,view,,214,2025-08-30T08:25:43
i_003933,u_0177,p_0093,checkin,3.9,,2025-07-17T01:46:43
i_003934,u_0177,p_0094,save,,,2025-10-18T14:47:43
i_003935,u_0177,p_0085,view,,238,2025-09-08T02:34:43
i_003936,u_0177,p_0095,view,,260,2025-07-17T08:06:43
i_003937,u_0177,p_0097,save,4.1,,2025-07-24T17:53:43
i_003938,u_0177,p_0078,save,3.7,,2025-08-24T14:15:43
i_003939,u_0177,p_0089,view,,284,2025-09-20T10:53:43
i_003940,u_0177,p_0074,click,,145,2025-09-07T19:29:43
i_003941,u_0177,p_0095,save,,,2025-07-14T10:15:43
i_003942,u_0177,p_0092,save,3.0,,2025-09-26T15:14:43
i_003943,u_0177,p_0097,save,3.2,,2025-09-22T14:21:43
i_003944,u_0177,p_0075,click,,60,2025-09-06T07:38:43
i_003945,u_0177,p_0093,checkin,4.5,,2025-10-11T13:19:43
i_003946,u_0177,p_0086,click,3.6,325,2025-07-31T11:52:43
i_003947,u_0177,p_0083,view,,99,2025-08-21T14:06:43
i_003948,u_0177,p_0074,view,,261,2025-09-06T19:33:43
i_003949,u_0177,p_0089,view,,291,2025-07-19T20:21:43
i_003950,u_0177,p_0100,save,,,2025-09-24T22:01:43
i_003951,u_0177,p_0098,click,,140,2025-07-22T03:28:43
i_003952,u_0177,p_0075,save,,,2025-10-22T02:41:43
i_003953,u_0177,p_0091,view,,312,2025-07-19T09:31:43
i_003954,u_0177,p_0097,click,3.8,160,2025-10-31T23:08:43
i_003955,u_0177,p_0081,click,,301,2025-09-14T12:15:43
i_003956,u_0177,p_0072,view,,47,2025-09-06T21:09:43
i_003957,u_0178,p_0094,view,,269,2025-10-14T16:37:43
i_003958,u_0178,p_0089,view,,305,2025-09-13T01:36:43
i_003959,u_0178,p_0093,view,,216,2025-10-22T14:50:43
i_003960,u_0178,p_0082,save,3.9,,2025-09-19T12:21:43
i_003961,u_0178,p_0083,click,3.0,105,2025-09-12T06:35:43
i_003962,u_0178,p_0078,view,,156,2025-10-11T03:38:43
i_003963,u_0178,p_0074,click,3.3,129,2025-07-31T14:10:43
i_003964,u_0178,p_0092,save,5.0,,2025-08-04T17:48:43
i_003965,u_0178,p_0087,click,,163,2025-08-26T14:23:43
i_003966,u_0178,p_0075,click,2.9,67,2025-08-27T13:37:43
i_003967,u_0178,p_0093,save,3.0,,2025-08-16T04:02:43
i_003968,u_0178,p_0081,view,,263,2025-07-19T13:50:43
i_003969,u_0178,p_0069,view,,144,2025-08-29T02:01:43
i_003970,u_0178,p_0090,view,,218,2025-09-20T17:21:43
i_003971,u_0178,p_0080,click,,107,2025-09-07T08:31:43
i_003972,u_0179,p_0089,view,,244,2025-10-09T08:50:43
i_003973,u_0179,p_0085,click,,271,2025-08-13T21:22:43
i_003974,u_0179,p_0099,save,,,2025-09-24T13:23:43
i_003975,u_0179,p_0085,click,2.3,141,2025-07-26T22:15:43
i_003976,u_0179,p_0094,view,,311,2025-07-14T10:30:43
i_003977,u_0179,p_0093,view,,261,2025-08-12T02:50:43
i_003978,u_0179,p_0082,view,,159,2025-11-01T17:34:43
i_003979,u_0179,p_0081,view,,362,2025-08-06T20:19:43
i_003980,u_0179,p_0097,view,,146,2025-08-28T18:08:43
i_003981,u_0179,p_0080,click,4.0,131,2025-08-30T23:55:43
i_003982,u_0179,p_0095,view,,485,2025-10-30T02:49:43
i_003983,u_0179,p_0087,view,,38,2025-09-11T08:05:43
i_003984,u_0179,p_0079,view,,98,2025-10-09T16:48:43
i_003985,u_0179,p_0088,view,,93,2025-09-05T13:02:43
i_003986,u_0179,p_0098,view,,246,2025-09-29T01:40:43
i_003987,u_0179,p_0098,save,5.0,,2025-09-03T06:45:43
i_003988,u_0179,p_0078,click,3.9,345,2025-07-27T19:35:43
i_003989,u_0179,p_0094,view,,137,2025-07-25T03:10:43
i_003990,u_0179,p_0074,view,,178,2025-09-09T07:11:43
i_003991,u_0180,p_0095,view,,187,2025-10-20T01:35:43
i_003992,u_0180,p_0092,view,,202,2025-10-12T23:22:43
i_003993,u_0180,p_0098,click,,294,2025-09-17T09:09:43
i_003994,u_0180,p_0095,view,,257,2025-08-28T15:31:43
i_003995,u_0180,p_0079,click,3.3,372,2025-08-12T04:46:43
i_003996,u_0180,p_0086,view,,292,2025-08-31T04:26:43
i_003997,u_0180,p_0070,view,,231,2025-07-26T08:12:43
i_003998,u_0180,p_0089,checkin,,,2025-10-19T17:00:43
i_003999,u_0180,p_0068,save,3.9,,2025-08-12T07:00:43
i_004000,u_0180,p_0076,view,,251,2025-10-26T08:27:43
i_004001,u_0180,p_0081,view,,396,2025-08-14T21:24:43
i_004002,u_0180,p_0091,view,,236,2025-08-22T01:05:43
i_004003,u_0180,p_0082,checkin,,,2025-09-17T14:12:43
i_004004,u_0180,p_0097,click,4.7,207,2025-08-20T23:38:43
i_004005,u_0180,p_0089,view,,327,2025-09-19T17:21:43
i_004006,u_0180,p_0092,click,,217,2025-09-20T12:44:43
i_004007,u_0180,p_0093,view,,239,2025-08-08T21:45:43
i_004008,u_0180,p_0089,click,4.3,279,2025-07-09T05:47:43
i_004009,u_0180,p_0090,save,,,2025-07-25T09:07:43
i_004010,u_0180,p_0096,view,,222,2025-08-29T08:50:43
i_004011,u_0180,p_0095,view,,199,2025-09-06T03:04:43
i_004012,u_0180,p_0098,save,4.2,,2025-09-21T22:38:43
i_004013,u_0180,p_0076,view,,224,2025-08-08T17:21:43
i_004014,u_0180,p_0083,click,,184,2025-09-11T08:56:43
i_004015,u_0181,p_0081,view,,334,2025-10-30T01:38:43
i_004016,u_0181,p_0094,view,,282,2025-09-16T00:12:43
i_004017,u_0181,p_0069,click,,140,2025-09-02T07:13:43
i_004018,u_0181,p_0099,click,4.0,177,2025-07-29T17:11:43
i_004019,u_0181,p_0078,click,,116,2025-08-23T09:25:43
i_004020,u_0181,p_0068,save,3.8,,2025-09-02T15:37:43
i_004021,u_0181,p_0092,view,,145,2025-10-01T13:26:43
i_004022,u_0181,p_0078,view,,224,2025-09-20T09:42:43
i_004023,u_0181,p_0093,view,,133,2025-07-25T00:29:43
i_004024,u_0181,p_0092,checkin,4.5,,2025-08-21T13:46:43
i_004025,u_0181,p_0069,save,3.8,,2025-09-13T09:23:43
i_004026,u_0181,p_0068,save,,,2025-10-23T18:57:43
i_004027,u_0181,p_0073,checkin,4.4,,2025-09-07T17:03:43
i_004028,u_0181,p_0090,view,,116,2025-10-14T01:54:43
i_004029,u_0181,p_0096,save,4.4,,2025-10-20T00:27:43
i_004030,u_0181,p_0092,click,,90,2025-08-05T22:38:43
i_004031,u_0181,p_0096,click,4.5,259,2025-07-13T13:24:43
i_004032,u_0181,p_0098,view,,264,2025-09-21T21:54:43
i_004033,u_0181,p_0080,view,,89,2025-07-30T13:48:43
i_004034,u_0181,p_0096,view,,125,2025-10-20T01:23:43
i_004035,u_0181,p_0085,view,,192,2025-09-02T01:19:43
i_004036,u_0181,p_0076,checkin,,,2025-09-09T05:56:43
i_004037,u_0181,p_0097,view,,220,2025-07-19T14:01:43
i_004038,u_0181,p_0085,view,,92,2025-08-24T08:21:43
i_004039,u_0181,p_0092,view,,208,2025-11-03T22:43:43
i_004040,u_0181,p_0089,click,4.0,218,2025-07-12T17:03:43
i_004041,u_0182,p_0090,view,,281,2025-08-26T02:20:43
i_004042,u_0182,p_0089,view,,163,2025-09-28T07:34:43
i_004043,u_0182,p_0072,save,4.1,,2025-08-11T21:40:43
i_004044,u_0182,p_0070,view,,166,2025-09-01T06:20:43
i_004045,u_0182,p_0095,view,,264,2025-09-10T07:13:43
i_004046,u_0182,p_0084,click,3.5,221,2025-09-02T14:31:43
i_004047,u_0182,p_0096,view,,220,2025-08-26T10:50:43
i_004048,u_0182,p_0087,view,,214,2025-10-25T15:44:43
i_004049,u_0182,p_0075,click,4.3,210,2025-10-10T07:15:43
i_004050,u_0182,p_0095,click,4.6,316,2025-10-23T08:08:43
i_004051,u_0182,p_0087,view,,143,2025-08-05T09:19:43
i_004052,u_0182,p_0099,save,5.0,,2025-09-11T18:55:43
i_004053,u_0182,p_0095,checkin,4.0,,2025-08-15T05:19:43
i_004054,u_0182,p_0089,view,,218,2025-07-28T14:36:43
i_004055,u_0182,p_0073,save,2.8,,2025-10-02T07:41:43
i_004056,u_0182,p_0078,view,,252,2025-10-19T16:52:43
i_004057,u_0182,p_0078,view,,241,2025-08-31T09:25:43
i_004058,u_0182,p_0096,view,,265,2025-08-22T07:21:43
i_004059,u_0182,p_0091,click,3.7,206,2025-08-12T10:23:43
i_004060,u_0182,p_0095,click,4.7,384,2025-08-14T09:10:43
i_004061,u_0182,p_0078,click,,203,2025-08-13T18:56:43
i_004062,u_0182,p_0087,view,,185,2025-10-26T09:19:43
i_004063,u_0182,p_0093,click,,209,2025-07-15T06:12:43
i_004064,u_0182,p_0094,save,3.8,,2025-10-11T04:14:43
i_004065,u_0182,p_0095,checkin,,,2025-07-14T23:18:43
i_004066,u_0182,p_0088,save,,,2025-09-01T00:04:43
i_004067,u_0182,p_0090,view,,173,2025-09-07T16:48:43
i_004068,u_0182,p_0092,click,3.0,298,2025-08-23T22:13:43
i_004069,u_0183,p_0089,view,,320,2025-09-26T10:23:43
i_004070,u_0183,p_0083,save,,,2025-09-26T08:02:43
i_004071,u_0183,p_0097,view,,139,2025-09-28T03:10:43
i_004072,u_0183,p_0087,click,,86,2025-08-11T11:14:43
i_004073,u_0183,p_0100,click,3.3,225,2025-10-23T06:22:43
i_004074,u_0183,p_0089,view,,425,2025-07-18T15:47:43
i_004075,u_0183,p_0098,click,,276,2025-10-17T00:02:43
i_004076,u_0183,p_0098,click,4.2,285,2025-10-02T20:00:43
i_004077,u_0183,p_0091,view,,252,2025-09-01T05:45:43
i_004078,u_0183,p_0097,save,5.0,,2025-09-13T04:10:43
i_004079,u_0183,p_0076,view,,193,2025-09-03T16:46:43
i_004080,u_0183,p_0075,click,,182,2025-08-08T10:26:43
i_004081,u_0183,p_0068,save,4.6,,2025-08-18T16:35:43
i_004082,u_0183,p_0085,save,,,2025-09-26T02:28:43
i_004083,u_0183,p_0077,view,,256,2025-10-20T00:51:43
i_004084,u_0183,p_0078,checkin,,,2025-07-19T11:33:43
i_004085,u_0183,p_0098,click,5.0,177,2025-10-27T18:48:43
i_004086,u_0183,p_0095,view,,228,2025-10-03T05:04:43
i_004087,u_0183,p_0099,view,,29,2025-09-16T13:29:43
i_004088,u_0183,p_0074,view,,175,2025-07-17T21:20:43
i_004089,u_0184,p_0088,view,,117,2025-08-28T15:59:43
i_004090,u_0184,p_0100,view,,236,2025-07-11T21:00:43
i_004091,u_0184,p_0090,click,4.2,448,2025-10-10T17:39:43
i_004092,u_0184,p_0097,checkin,4.3,,2025-09-16T19:45:43
i_004093,u_0184,p_0092,checkin,,,2025-10-28T21:58:43
i_004094,u_0184,p_0077,view,,213,2025-10-27T23:40:43
i_004095,u_0184,p_0075,view,,97,2025-09-07T06:41:43
i_004096,u_0184,p_0096,view,,180,2025-08-23T15:16:43
i_004097,u_0184,p_0089,checkin,,,2025-09-15T17:44:43
i_004098,u_0184,p_0092,view,,288,2025-07-09T22:45:43
i_004099,u_0184,p_0081,click,,247,2025-07-20T05:29:43
i_004100,u_0184,p_0077,click,2.9,339,2025-11-03T11:51:43
i_004101,u_0184,p_0076,save,,,2025-10-20T05:08:43
i_004102,u_0184,p_0089,save,4.8,,2025-07-24T03:34:43
i_004103,u_0184,p_0081,view,,360,2025-07-28T02:15:43
i_004104,u_0184,p_0100,view,,198,2025-10-18T23:46:43
i_004105,u_0184,p_0094,view,,318,2025-10-16T19:31:43
i_004106,u_0184,p_0069,view,,72,2025-10-15T23:22:43
i_004107,u_0184,p_0078,save,4.6,,2025-10-05T19:06:43
i_004108,u_0184,p_0076,view,,111,2025-08-20T17:18:43
i_004109,u_0184,p_0098,view,,287,2025-10-19T11:09:43
i_004110,u_0184,p_0097,click,4.1,225,2025-11-05T15:03:43
i_004111,u_0184,p_0097,click,4.9,213,2025-08-16T07:33:43
i_004112,u_0184,p_0073,checkin,4.1,,2025-10-14T07:12:43
i_004113,u_0184,p_0094,view,,266,2025-09-06T18:33:43
i_004114,u_0185,p_0096,view,,242,2025-08-30T23:08:43
i_004115,u_0185,p_0069,view,,132,2025-10-26T03:55:43
i_004116,u_0185,p_0085,checkin,,,2025-09-14T22:43:43
i_004117,u_0185,p_0074,view,,268,2025-08-15T00:59:43
i_004118,u_0185,p_0092,view,,337,2025-10-08T17:22:43
i_004119,u_0185,p_0080,click,3.4,268,2025-08-10T05:11:43
i_004120,u_0185,p_0091,checkin,4.4,,2025-09-13T10:35:43
i_004121,u_0185,p_0069,view,,127,2025-08-28T23:52:43
i_004122,u_0185,p_0090,save,4.2,,2025-10-08T12:54:43
i_004123,u_0185,p_0072,view,,122,2025-10-06T09:56:43
i_004124,u_0185,p_0092,save,4.5,,2025-08-01T13:46:43
i_004125,u_0185,p_0078,view,,200,2025-09-19T01:18:43
i_004126,u_0185,p_0095,view,,475,2025-10-25T21:24:43
i_004127,u_0185,p_0071,click,3.7,134,2025-09-24T15:06:43
i_004128,u_0185,p_0076,view,,158,2025-08-21T03:19:43
i_004129,u_0185,p_0079,save,,,2025-10-23T05:30:43
i_004130,u_0185,p_0085,click,2.1,317,2025-10-09T10:06:43
i_004131,u_0185,p_0098,view,,331,2025-07-22T15:42:43
i_004132,u_0185,p_0070,click,3.5,187,2025-08-15T13:54:43
i_004133,u_0185,p_0087,view,,167,2025-10-14T05:02:43
i_004134,u_0185,p_0078,save,3.0,,2025-10-01T00:01:43
i_004135,u_0185,p_0094,click,5.0,88,2025-07-09T06:30:43
i_004136,u_0185,p_0089,view,,272,2025-09-03T23:12:43
i_004137,u_0185,p_0069,view,,36,2025-09-16T08:33:43
i_004138,u_0185,p_0086,view,,72,2025-09-09T10:23:43
i_004139,u_0185,p_0089,view,,390,2025-10-13T03:38:43
i_004140,u_0185,p_0071,click,4.2,142,2025-10-03T09:28:43
i_004141,u_0185,p_0069,view,,265,2025-08-19T23:37:43
i_004142,u_0185,p_0076,click,4.8,188,2025-08-17T22:10:43
i_004143,u_0186,p_0081,checkin,4.6,,2025-08-15T12:18:43
i_004144,u_0186,p_0096,click,,208,2025-10-31T13:04:43
i_004145,u_0186,p_0076,click,,349,2025-09-24T19:00:43
i_004146,u_0186,p_0093,view,,30,2025-07-24T10:44:43
i_004147,u_0186,p_0086,save,3.2,,2025-07-10T06:32:43
i_004148,u_0186,p_0088,click,3.6,162,2025-10-17T11:11:43
i_004149,u_0186,p_0078,view,,249,2025-10-31T19:17:43
i_004150,u_0186,p_0077,view,,139,2025-08-28T01:43:43
i_004151,u_0186,p_0078,view,,258,2025-08-26T07:55:43
i_004152,u_0186,p_0095,save,5.0,,2025-09-01T12:34:43
i_004153,u_0186,p_0096,view,,275,2025-08-10T09:31:43
i_004154,u_0186,p_0095,click,4.3,296,2025-07-08T19:21:43
i_004155,u_0186,p_0098,view,,218,2025-08-28T02:12:43
i_004156,u_0186,p_0087,click,2.4,272,2025-09-16T14:29:43
i_004157,u_0186,p_0092,view,,267,2025-09-27T20:39:43
i_004158,u_0186,p_0100,view,,246,2025-07-21T08:11:43
i_004159,u_0186,p_0084,view,,218,2025-10-21T06:28:43
i_004160,u_0187,p_0078,checkin,,,2025-09-13T18:48:43
i_004161,u_0187,p_0075,view,,163,2025-09-21T05:22:43
i_004162,u_0187,p_0089,save,5.0,,2025-08-13T01:32:43
i_004163,u_0187,p_0096,view,,132,2025-09-13T01:09:43
i_004164,u_0187,p_0096,click,4.1,133,2025-10-16T23:39:43
i_004165,u_0187,p_0081,click,,222,2025-09-30T12:38:43
i_004166,u_0187,p_0083,view,,182,2025-07-21T13:20:43
i_004167,u_0187,p_0094,click,,100,2025-10-29T18:52:43
i_004168,u_0187,p_0069,click,3.4,168,2025-09-16T10:36:43
i_004169,u_0187,p_0088,view,,249,2025-08-17T13:28:43
i_004170,u_0187,p_0085,view,,185,2025-08-31T23:14:43
i_004171,u_0187,p_0075,click,3.4,274,2025-08-11T02:25:43
i_004172,u_0187,p_0087,view,,130,2025-08-17T02:01:43
i_004173,u_0187,p_0099,save,3.5,,2025-09-27T07:03:43
i_004174,u_0187,p_0086,click,,287,2025-08-24T10:05:43
i_004175,u_0188,p_0087,view,,249,2025-07-21T18:02:43
i_004176,u_0188,p_0090,click,4.7,236,2025-10-28T10:18:43
i_004177,u_0188,p_0076,view,,356,2025-10-09T06:21:43
i_004178,u_0188,p_0086,view,,232,2025-10-01T20:42:43
i_004179,u_0188,p_0070,checkin,4.2,,2025-11-02T09:27:43
i_004180,u_0188,p_0090,view,,255,2025-08-23T00:51:43
i_004181,u_0188,p_0099,view,,74,2025-07-12T21:22:43
i_004182,u_0188,p_0086,view,,296,2025-07-18T10:30:43
i_004183,u_0188,p_0085,save,4.3,,2025-08-18T15:16:43
i_004184,u_0188,p_0069,click,4.5,195,2025-10-18T19:01:43
i_004185,u_0188,p_0076,view,,117,2025-08-23T18:11:43
i_004186,u_0188,p_0081,view,,385,2025-08-14T05:34:43
i_004187,u_0188,p_0080,checkin,3.6,,2025-11-03T09:46:43
i_004188,u_0188,p_0095,checkin,,,2025-09-07T04:05:43
i_004189,u_0188,p_0084,view,,228,2025-09-25T15:43:43
i_004190,u_0188,p_0091,view,,42,2025-09-23T14:10:43
i_004191,u_0188,p_0086,save,3.7,,2025-10-23T09:39:43
i_004192,u_0188,p_0100,click,,124,2025-10-08T13:15:43
i_004193,u_0188,p_0076,save,,,2025-08-05T08:25:43
i_004194,u_0188,p_0087,view,,30,2025-07-23T21:23:43
i_004195,u_0188,p_0085,checkin,,,2025-07-16T15:28:43
i_004196,u_0188,p_0081,view,,222,2025-08-12T07:36:43
i_004197,u_0188,p_0086,click,4.3,240,2025-10-06T23:51:43
i_004198,u_0188,p_0083,checkin,3.3,,2025-07-16T02:08:43
i_004199,u_0188,p_0078,view,,365,2025-08-25T02:46:43
i_004200,u_0188,p_0081,click,,183,2025-10-11T00:54:43
i_004201,u_0188,p_0086,save,4.5,,2025-10-18T04:18:43
i_004202,u_0188,p_0097,view,,260,2025-07-24T07:36:43
i_004203,u_0189,p_0099,view,,95,2025-09-24T11:04:43
i_004204,u_0189,p_0094,click,,333,2025-10-24T02:50:43
i_004205,u_0189,p_0095,click,,84,2025-08-03T20:58:43
i_004206,u_0189,p_0090,save,4.3,,2025-08-20T06:25:43
i_004207,u_0189,p_0071,view,,231,2025-08-26T10:23:43
i_004208,u_0189,p_0097,view,,274,2025-10-29T17:24:43
i_004209,u_0189,p_0085,save,,,2025-10-28T14:59:43
i_004210,u_0189,p_0095,view,,427,2025-08-05T06:51:43
i_004211,u_0189,p_0084,click,3.8,142,2025-09-02T13:33:43
i_004212,u_0189,p_0081,view,,182,2025-09-16T04:46:43
i_004213,u_0189,p_0086,save,5.0,,2025-07-14T11:42:43
i_004214,u_0189,p_0090,view,,259,2025-10-27T07:49:43
i_004215,u_0189,p_0072,click,3.8,77,2025-07-22T17:12:43
i_004216,u_0189,p_0093,save,,,2025-08-12T07:03:43
i_004217,u_0189,p_0092,save,3.3,,2025-07-19T22:48:43
i_004218,u_0190,p_0080,view,,151,2025-07-23T04:11:43
i_004219,u_0190,p_0080,view,,146,2025-10-25T02:17:43
i_004220,u_0190,p_0099,view,,142,2025-10-22T22:15:43
i_004221,u_0190,p_0086,click,,308,2025-07-14T03:33:43
i_004222,u_0190,p_0086,view,,268,2025-10-27T08:03:43
i_004223,u_0190,p_0099,save,,,2025-08-07T13:45:43
i_004224,u_0190,p_0073,click,4.0,216,2025-09-27T20:58:43
i_004225,u_0190,p_0094,view,,428,2025-08-08T08:17:43
i_004226,u_0190,p_0096,view,,92,2025-07-16T06:29:43
i_004227,u_0190,p_0087,save,4.1,,2025-10-30T18:37:43
i_004228,u_0190,p_0096,view,,138,2025-10-19T15:17:43
i_004229,u_0190,p_0086,click,3.8,250,2025-08-20T17:15:43
i_004230,u_0190,p_0086,view,,271,2025-08-19T15:59:43
i_004231,u_0190,p_0077,view,,143,2025-09-24T11:24:43
i_004232,u_0190,p_0092,checkin,4.1,,2025-07-28T08:13:43
i_004233,u_0191,p_0076,checkin,,,2025-11-03T07:49:43
i_004234,u_0191,p_0086,save,,,2025-08-20T08:20:43
i_004235,u_0191,p_0068,click,3.5,125,2025-09-23T00:08:43
i_004236,u_0191,p_0095,view,,425,2025-08-28T22:33:43
i_004237,u_0191,p_0098,checkin,,,2025-10-11T18:46:43
i_004238,u_0191,p_0074,save,2.1,,2025-09-24T00:49:43
i_004239,u_0191,p_0091,checkin,,,2025-09-18T13:40:43
i_004240,u_0191,p_0082,view,,56,2025-07-23T23:37:43
i_004241,u_0191,p_0080,click,4.0,190,2025-07-28T14:25:43
i_004242,u_0191,p_0078,checkin,,,2025-08-21T10:11:43
i_004243,u_0191,p_0096,view,,351,2025-10-18T22:35:43
i_004244,u_0191,p_0079,view,,238,2025-09-23T21:41:43
i_004245,u_0191,p_0093,view,,133,2025-10-17T07:03:43
i_004246,u_0191,p_0083,view,,64,2025-09-10T22:36:43
i_004247,u_0191,p_0098,click,3.6,226,2025-08-30T12:23:43
i_004248,u_0191,p_0076,click,3.7,227,2025-10-05T12:22:43
i_004249,u_0191,p_0075,click,,65,2025-10-15T10:17:43
i_004250,u_0191,p_0092,view,,194,2025-10-10T15:06:43
i_004251,u_0191,p_0091,click,,164,2025-10-31T05:17:43
i_004252,u_0191,p_0089,save,5.0,,2025-11-01T02:05:43
i_004253,u_0191,p_0095,view,,279,2025-10-30T17:58:43
i_004254,u_0191,p_0099,view,,185,2025-10-30T14:50:43
i_004255,u_0191,p_0095,click,5.0,363,2025-09-03T03:58:43
i_004256,u_0191,p_0096,view,,84,2025-09-14T16:22:43
i_004257,u_0191,p_0078,checkin,,,2025-07-13T09:23:43
i_004258,u_0192,p_0098,view,,293,2025-07-22T06:27:43
i_004259,u_0192,p_0074,click,,146,2025-09-28T02:32:43
i_004260,u_0192,p_0095,view,,149,2025-10-17T15:01:43
i_004261,u_0192,p_0084,checkin,,,2025-10-22T08:33:43
i_004262,u_0192,p_0099,view,,47,2025-09-07T00:54:43
i_004263,u_0192,p_0100,view,,157,2025-08-31T03:21:43
i_004264,u_0192,p_0076,view,,186,2025-08-01T11:28:43
i_004265,u_0192,p_0098,save,,,2025-10-12T05:55:43
i_004266,u_0192,p_0087,checkin,3.3,,2025-08-02T12:00:43
i_004267,u_0192,p_0083,click,3.2,125,2025-10-01T04:35:43
i_004268,u_0192,p_0068,click,,228,2025-09-16T08:14:43
i_004269,u_0192,p_0089,click,,327,2025-09-05T14:59:43
i_004270,u_0192,p_0083,view,,253,2025-10-15T00:57:43
i_004271,u_0192,p_0083,view,,172,2025-09-05T18:57:43
i_004272,u_0192,p_0091,click,,172,2025-09-19T23:53:43
i_004273,u_0192,p_0069,view,,291,2025-08-29T15:00:43
i_004274,u_0192,p_0095,save,,,2025-07-17T05:45:43
i_004275,u_0192,p_0086,checkin,4.6,,2025-07-22T15:24:43
i_004276,u_0192,p_0095,view,,201,2025-10-21T23:00:43
i_004277,u_0192,p_0094,view,,294,2025-07-30T11:13:43
i_004278,u_0192,p_0078,save,5.0,,2025-10-12T13:04:43
i_004279,u_0192,p_0095,view,,205,2025-10-25T18:44:43
i_004280,u_0192,p_0081,view,,298,2025-08-01T12:53:43
i_004281,u_0192,p_0098,click,4.4,291,2025-08-11T12:18:43
i_004282,u_0192,p_0100,click,2.1,243,2025-07-27T18:09:43
i_004283,u_0193,p_0086,save,3.7,,2025-07-23T16:27:43
i_004284,u_0193,p_0093,click,3.2,197,2025-10-12T01:03:43
i_004285,u_0193,p_0100,view,,88,2025-10-16T23:32:43
i_004286,u_0193,p_0088,click,3.8,299,2025-08-28T03:57:43
i_004287,u_0193,p_0078,view,,253,2025-08-06T20:15:43
i_004288,u_0193,p_0081,click,,240,2025-10-18T12:42:43
i_004289,u_0193,p_0089,view,,394,2025-08-13T18:03:43
i_004290,u_0193,p_0091,click,4.3,150,2025-08-17T00:28:43
i_004291,u_0193,p_0082,save,3.6,,2025-08-13T05:19:43
i_004292,u_0193,p_0097,view,,172,2025-07-26T00:55:43
i_004293,u_0193,p_0084,view,,32,2025-09-16T06:40:43
i_004294,u_0193,p_0098,save,4.0,,2025-10-19T02:42:43
i_004295,u_0193,p_0074,view,,215,2025-08-14T04:09:43
i_004296,u_0193,p_0081,view,,346,2025-08-18T02:24:43
i_004297,u_0193,p_0087,save,,,2025-07-09T19:07:43
i_004298,u_0193,p_0090,view,,299,2025-08-03T01:56:43
i_004299,u_0193,p_0087,view,,53,2025-08-29T18:37:43
i_004300,u_0193,p_0096,save,3.9,,2025-08-16T18:21:43
i_004301,u_0193,p_0088,checkin,,,2025-07-18T05:34:43
i_004302,u_0193,p_0089,checkin,,,2025-08-30T22:44:43
i_004303,u_0193,p_0094,view,,236,2025-09-04T05:52:43
i_004304,u_0193,p_0076,save,,,2025-09-30T08:11:43
i_004305,u_0193,p_0096,click,,231,2025-08-19T22:39:43
i_004306,u_0193,p_0096,save,,,2025-08-05T22:48:43
i_004307,u_0193,p_0076,checkin,3.4,,2025-10-04T22:27:43
i_004308,u_0194,p_0087,click,3.0,132,2025-07-09T07:16:43
i_004309,u_0194,p_0093,view,,102,2025-07-20T22:21:43
i_004310,u_0194,p_0096,save,4.7,,2025-08-21T03:26:43
i_004311,u_0194,p_0095,view,,256,2025-10-10T11:00:43
i_004312,u_0194,p_0086,view,,318,2025-10-10T04:15:43
i_004313,u_0194,p_0095,click,5.0,388,2025-09-25T18:16:43
i_004314,u_0194,p_0099,view,,231,2025-10-12T10:56:43
i_004315,u_0194,p_0071,view,,116,2025-10-25T16:50:43
i_004316,u_0194,p_0079,view,,20,2025-07-21T08:03:43
i_004317,u_0194,p_0081,click,4.5,310,2025-10-08T04:44:43
i_004318,u_0194,p_0091,checkin,4.1,,2025-09-24T10:51:43
i_004319,u_0194,p_0090,click,,163,2025-08-20T20:41:43
i_004320,u_0194,p_0089,save,4.0,,2025-08-20T13:22:43
i_004321,u_0194,p_0100,click,,20,2025-10-03T11:25:43
i_004322,u_0194,p_0072,save,4.6,,2025-07-24T08:06:43
i_004323,u_0194,p_0094,save,4.2,,2025-10-10T05:43:43
i_004324,u_0194,p_0086,save,4.6,,2025-10-05T07:45:43
i_004325,u_0194,p_0089,view,,351,2025-10-01T12:54:43
i_004326,u_0194,p_0070,view,,235,2025-08-06T13:18:43
i_004327,u_0194,p_0092,view,,267,2025-09-12T05:50:43
i_004328,u_0194,p_0093,view,,305,2025-08-20T06:15:43
i_004329,u_0194,p_0089,view,,313,2025-10-18T21:28:43
i_004330,u_0194,p_0086,save,,,2025-07-29T20:00:43
i_004331,u_0195,p_0083,view,,153,2025-08-31T12:09:43
i_004332,u_0195,p_0091,click,,94,2025-10-12T00:31:43
i_004333,u_0195,p_0087,save,,,2025-09-28T11:05:43
i_004334,u_0195,p_0093,checkin,5.0,,2025-08-15T00:38:43
i_004335,u_0195,p_0099,view,,288,2025-09-20T19:18:43
i_004336,u_0195,p_0094,save,,,2025-10-07T08:10:43
i_004337,u_0195,p_0095,view,,227,2025-08-25T05:39:43
i_004338,u_0195,p_0093,click,,259,2025-09-13T12:44:43
i_004339,u_0195,p_0090,view,,284,2025-08-08T12:05:43
i_004340,u_0195,p_0076,view,,196,2025-08-06T13:03:43
i_004341,u_0195,p_0085,click,4.0,92,2025-11-03T08:19:43
i_004342,u_0195,p_0096,view,,164,2025-08-04T06:43:43
i_004343,u_0195,p_0081,checkin,,,2025-07-22T04:49:43
i_004344,u_0195,p_0081,view,,279,2025-07-08T20:38:43
i_004345,u_0195,p_0085,checkin,,,2025-08-14T11:16:43
i_004346,u_0195,p_0095,view,,231,2025-07-21T08:44:43
i_004347,u_0195,p_0085,checkin,,,2025-10-25T06:24:43
i_004348,u_0195,p_0090,view,,444,2025-10-25T15:49:43
i_004349,u_0195,p_0098,checkin,4.5,,2025-08-28T08:32:43
i_004350,u_0195,p_0098,checkin,,,2025-08-24T21:20:43
i_004351,u_0196,p_0071,save,4.3,,2025-08-18T20:37:43
i_004352,u_0196,p_0069,click,2.9,236,2025-10-17T04:12:43
i_004353,u_0196,p_0091,save,,,2025-08-23T19:40:43
i_004354,u_0196,p_0100,view,,115,2025-08-30T06:38:43
i_004355,u_0196,p_0069,view,,167,2025-08-13T02:36:43
i_004356,u_0196,p_0094,view,,405,2025-07-16T23:58:43
i_004357,u_0196,p_0069,click,3.7,206,2025-07-23T03:58:43
i_004358,u_0196,p_0089,view,,222,2025-08-18T18:53:43
i_004359,u_0196,p_0090,view,,247,2025-10-17T06:03:43
i_004360,u_0196,p_0090,view,,281,2025-08-21T12:53:43
i_004361,u_0196,p_0095,click,4.8,334,2025-10-23T07:14:43
i_004362,u_0196,p_0076,view,,290,2025-07-18T14:28:43
i_004363,u_0196,p_0086,view,,143,2025-09-08T10:21:43
i_004364,u_0196,p_0090,click,,269,2025-09-25T20:29:43
i_004365,u_0196,p_0073,view,,219,2025-09-17T12:56:43
i_004366,u_0196,p_0069,click,,171,2025-08-30T16:41:43
i_004367,u_0196,p_0068,save,,,2025-08-08T01:51:43
i_004368,u_0196,p_0082,click,,153,2025-09-05T11:59:43
i_004369,u_0196,p_0086,view,,152,2025-09-10T07:18:43
i_004370,u_0197,p_0076,save,4.1,,2025-10-18T21:03:43
i_004371,u_0197,p_0089,click,,328,2025-07-29T10:45:43
i_004372,u_0197,p_0096,view,,270,2025-07-25T06:16:43
i_004373,u_0197,p_0076,click,,276,2025-09-23T05:13:43
i_004374,u_0197,p_0073,click,,29,2025-07-20T23:50:43
i_004375,u_0197,p_0088,save,,,2025-11-04T23:14:43
i_004376,u_0197,p_0081,view,,276,2025-10-18T18:58:43
i_004377,u_0197,p_0090,view,,189,2025-07-28T22:30:43
i_004378,u_0197,p_0083,view,,173,2025-08-24T20:17:43
i_004379,u_0197,p_0085,view,,176,2025-10-11T11:15:43
i_004380,u_0197,p_0091,click,3.9,263,2025-07-16T10:13:43
i_004381,u_0197,p_0074,click,3.5,201,2025-09-26T12:44:43
i_004382,u_0197,p_0083,view,,124,2025-08-18T10:36:43
i_004383,u_0197,p_0086,click,,215,2025-07-12T06:08:43
i_004384,u_0197,p_0089,view,,255,2025-10-22T02:06:43
i_004385,u_0197,p_0086,view,,307,2025-07-27T14:12:43
i_004386,u_0197,p_0081,click,,249,2025-10-24T18:21:43
i_004387,u_0197,p_0098,click,,263,2025-09-26T18:40:43
i_004388,u_0197,p_0078,view,,283,2025-07-23T23:39:43
i_004389,u_0197,p_0084,view,,172,2025-10-27T07:40:43
i_004390,u_0198,p_0078,view,,280,2025-09-28T20:44:43
i_004391,u_0198,p_0068,click,4.9,252,2025-07-28T21:01:43
i_004392,u_0198,p_0089,view,,344,2025-10-14T10:33:43
i_004393,u_0198,p_0081,view,,295,2025-10-04T20:02:43
i_004394,u_0198,p_0092,click,3.6,214,2025-09-24T00:26:43
i_004395,u_0198,p_0089,click,4.5,351,2025-08-05T19:10:43
i_004396,u_0198,p_0089,save,4.9,,2025-10-16T02:14:43
i_004397,u_0198,p_0081,view,,259,2025-08-27T11:56:43
i_004398,u_0198,p_0082,click,3.9,143,2025-09-30T06:53:43
i_004399,u_0198,p_0070,view,,237,2025-09-14T20:43:43
i_004400,u_0198,p_0090,click,,264,2025-08-31T14:02:43
i_004401,u_0198,p_0076,save,,,2025-08-04T06:20:43
i_004402,u_0198,p_0076,view,,207,2025-10-19T17:22:43
i_004403,u_0198,p_0086,click,4.3,193,2025-09-16T22:10:43
i_004404,u_0198,p_0092,view,,133,2025-10-08T22:58:43
i_004405,u_0198,p_0083,click,3.3,245,2025-08-05T22:05:43
i_004406,u_0198,p_0097,view,,197,2025-10-25T01:12:43
i_004407,u_0199,p_0100,save,4.3,,2025-07-10T21:24:43
i_004408,u_0199,p_0096,checkin,,,2025-07-13T22:31:43
i_004409,u_0199,p_0095,click,,250,2025-09-19T12:18:43
i_004410,u_0199,p_0099,view,,47,2025-08-14T02:56:43
i_004411,u_0199,p_0093,view,,218,2025-09-23T11:27:43
i_004412,u_0199,p_0075,click,,20,2025-08-05T12:13:43
i_004413,u_0199,p_0081,save,,,2025-07-28T02:01:43
i_004414,u_0199,p_0087,view,,162,2025-08-26T20:52:43
i_004415,u_0199,p_0082,click,,171,2025-10-30T21:18:43
i_004416,u_0199,p_0076,save,,,2025-08-28T12:32:43
i_004417,u_0199,p_0093,view,,192,2025-08-07T00:38:43
i_004418,u_0199,p_0068,click,,168,2025-07-10T09:34:43
i_004419,u_0199,p_0096,view,,311,2025-09-21T09:32:43
i_004420,u_0199,p_0073,view,,129,2025-08-08T23:06:43
i_004421,u_0199,p_0076,view,,302,2025-08-04T14:02:43
i_004422,u_0199,p_0091,view,,102,2025-08-18T05:01:43
i_004423,u_0199,p_0073,click,4.1,172,2025-07-13T18:30:43
i_004424,u_0199,p_0090,view,,312,2025-09-13T04:14:43
i_004425,u_0199,p_0071,view,,20,2025-11-01T01:52:43
i_004426,u_0199,p_0083,view,,313,2025-07-20T03:26:43
i_004427,u_0199,p_0076,view,,351,2025-07-31T01:54:43
i_004428,u_0199,p_0076,checkin,3.2,,2025-08-17T22:15:43
i_004429,u_0199,p_0091,view,,225,2025-08-22T15:44:43
i_004430,u_0199,p_0095,checkin,4.0,,2025-09-22T03:58:43
i_004431,u_0199,p_0089,save,,,2025-10-10T00:12:43
i_004432,u_0199,p_0095,view,,327,2025-10-01T05:38:43
i_004433,u_0199,p_0075,view,,212,2025-09-14T01:24:43
i_004434,u_0199,p_0095,view,,353,2025-10-03T13:23:43
i_004435,u_0199,p_0092,view,,312,2025-11-02T07:41:43
i_004436,u_0200,p_0095,click,,358,2025-07-10T20:17:43
i_004437,u_0200,p_0073,view,,193,2025-09-22T19:03:43
i_004438,u_0200,p_0068,save,,,2025-10-06T16:54:43
i_004439,u_0200,p_0081,view,,186,2025-08-10T22:03:43
i_004440,u_0200,p_0095,view,,330,2025-07-31T23:26:43
i_004441,u_0200,p_0095,view,,121,2025-09-17T19:10:43
i_004442,u_0200,p_0091,view,,273,2025-08-22T01:01:43
i_004443,u_0200,p_0091,checkin,3.7,,2025-09-26T05:29:43
i_004444,u_0200,p_0081,click,,214,2025-07-12T01:16:43
i_004445,u_0200,p_0097,click,,408,2025-07-07T18:03:43
i_004446,u_0200,p_0096,click,3.8,120,2025-08-31T09:53:43
i_004447,u_0200,p_0085,save,3.5,,2025-07-20T17:30:43
i_004448,u_0200,p_0070,view,,20,2025-08-29T15:57:43
i_004449,u_0200,p_0075,view,,20,2025-09-25T07:10:43
i_004450,u_0200,p_0098,checkin,5.0,,2025-07-31T11:20:43
i_004451,u_0200,p_0083,view,,313,2025-09-20T18:10:43
i_004452,u_0200,p_0080,save,3.3,,2025-09-26T01:20:43
i_004453,u_0200,p_0090,view,,360,2025-07-21T04:12:43
i_004454,u_0200,p_0086,click,3.4,388,2025-07-29T03:35:43
i_004455,u_0200,p_0068,view,,156,2025-10-07T10:51:43
i_004456,u_0200,p_0076,view,,220,2025-09-25T00:21:43
i_004457,u_0200,p_0100,click,,162,2025-10-17T17:09:43
i_004458,u_0200,p_0098,view,,353,2025-07-31T15:21:43
i_004459,u_0201,p_0094,view,,171,2025-07-21T07:09:43
i_004460,u_0201,p_0076,view,,118,2025-07-18T19:07:43
i_004461,u_0201,p_0095,save,4.7,,2025-10-24T13:45:43
i_004462,u_0201,p_0076,checkin,4.8,,2025-07-31T00:46:43
i_004463,u_0201,p_0098,checkin,,,2025-09-19T11:45:43
i_004464,u_0201,p_0095,click,4.0,151,2025-08-04T11:02:43
i_004465,u_0201,p_0081,save,,,2025-08-08T21:43:43
i_004466,u_0201,p_0098,click,4.4,183,2025-10-01T03:39:43
i_004467,u_0201,p_0081,checkin,,,2025-08-31T20:25:43
i_004468,u_0201,p_0097,view,,293,2025-09-01T20:37:43
i_004469,u_0201,p_0088,view,,308,2025-09-04T20:27:43
i_004470,u_0201,p_0088,view,,65,2025-10-05T23:39:43
i_004471,u_0201,p_0094,view,,29,2025-07-29T22:19:43
i_004472,u_0201,p_0089,view,,261,2025-07-15T12:01:43
i_004473,u_0201,p_0081,save,5.0,,2025-08-16T06:47:43
i_004474,u_0201,p_0086,view,,266,2025-10-24T04:35:43
i_004475,u_0201,p_0076,view,,205,2025-10-23T23:51:43
i_004476,u_0201,p_0086,view,,315,2025-09-18T03:11:43
i_004477,u_0201,p_0088,click,,87,2025-07-27T05:50:43
i_004478,u_0201,p_0095,save,,,2025-07-24T16:59:43
i_004479,u_0201,p_0077,view,,217,2025-08-06T14:54:43
i_004480,u_0201,p_0100,view,,267,2025-10-25T11:33:43
i_004481,u_0201,p_0076,click,,336,2025-10-18T18:42:43
i_004482,u_0201,p_0095,save,,,2025-10-04T09:27:43
i_004483,u_0201,p_0086,view,,201,2025-10-25T18:49:43
i_004484,u_0202,p_0112,view,,177,2025-08-27T18:34:43
i_004485,u_0202,p_0108,view,,52,2025-08-02T12:13:43
i_004486,u_0202,p_0054,view,,123,2025-10-04T08:36:43
i_004487,u_0202,p_0123,click,4.0,213,2025-08-09T10:24:43
i_004488,u_0202,p_0040,click,4.1,354,2025-09-23T14:12:43
i_004489,u_0202,p_0109,save,5.0,,2025-08-16T22:36:43
i_004490,u_0202,p_0030,view,,130,2025-08-09T03:23:43
i_004491,u_0202,p_0054,save,3.8,,2025-07-21T22:28:43
i_004492,u_0202,p_0033,view,,165,2025-08-18T16:38:43
i_004493,u_0202,p_0114,click,,165,2025-09-06T09:16:43
i_004494,u_0202,p_0062,click,4.2,321,2025-10-14T01:12:43
i_004495,u_0202,p_0112,view,,274,2025-07-20T05:13:43
i_004496,u_0202,p_0113,view,,288,2025-08-10T08:12:43
i_004497,u_0202,p_0130,click,4.3,265,2025-09-27T19:17:43
i_004498,u_0202,p_0108,view,,59,2025-08-28T12:05:43
i_004499,u_0202,p_0116,view,,139,2025-08-01T22:36:43
i_004500,u_0203,p_0030,save,5.0,,2025-07-10T02:43:43
i_004501,u_0203,p_0127,save,3.9,,2025-08-08T21:55:43
i_004502,u_0203,p_0115,view,,428,2025-07-12T11:38:43
i_004503,u_0203,p_0134,click,,275,2025-10-02T23:45:43
i_004504,u_0203,p_0059,view,,257,2025-10-09T19:46:43
i_004505,u_0203,p_0135,view,,399,2025-07-26T00:43:43
i_004506,u_0203,p_0127,checkin,3.8,,2025-08-09T05:21:43
i_004507,u_0203,p_0107,save,,,2025-10-10T04:48:43
i_004508,u_0203,p_0008,save,4.2,,2025-10-29T09:51:43
i_004509,u_0203,p_0006,view,,163,2025-09-10T09:26:43
i_004510,u_0203,p_0129,save,3.2,,2025-10-15T16:47:43
i_004511,u_0203,p_0109,checkin,,,2025-10-11T03:29:43
i_004512,u_0203,p_0012,save,3.6,,2025-08-24T04:19:43
i_004513,u_0203,p_0015,view,,338,2025-07-26T01:35:43
i_004514,u_0203,p_0024,checkin,5.0,,2025-07-27T02:51:43
i_004515,u_0203,p_0127,view,,410,2025-10-10T13:18:43
i_004516,u_0203,p_0051,click,,207,2025-07-09T09:38:43
i_004517,u_0203,p_0009,view,,329,2025-09-05T09:09:43
i_004518,u_0203,p_0041,save,,,2025-08-14T22:01:43
i_004519,u_0203,p_0125,view,,212,2025-07-11T18:31:43
i_004520,u_0204,p_0106,view,,217,2025-10-18T09:26:43
i_004521,u_0204,p_0062,view,,342,2025-10-09T14:11:43
i_004522,u_0204,p_0130,view,,148,2025-09-15T18:57:43
i_004523,u_0204,p_0058,checkin,5.0,,2025-08-13T03:29:43
i_004524,u_0204,p_0052,view,,185,2025-08-21T17:34:43
i_004525,u_0204,p_0015,save,,,2025-08-05T21:11:43
i_004526,u_0204,p_0058,save,4.6,,2025-08-27T07:46:43
i_004527,u_0204,p_0128,click,4.2,231,2025-07-15T08:54:43
i_004528,u_0204,p_0039,click,,190,2025-10-13T10:15:43
i_004529,u_0204,p_0119,click,,296,2025-07-18T06:42:43
i_004530,u_0204,p_0103,view,,371,2025-07-18T00:22:43
i_004531,u_0204,p_0113,view,,222,2025-07-09T10:04:43
i_004532,u_0204,p_0058,save,,,2025-07-27T21:09:43
i_004533,u_0204,p_0006,click,4.1,205,2025-07-27T10:21:43
i_004534,u_0204,p_0104,click,,198,2025-07-11T03:46:43
i_004535,u_0204,p_0037,view,,301,2025-09-09T02:42:43
i_004536,u_0204,p_0066,click,4.3,362,2025-10-07T10:01:43
i_004537,u_0204,p_0005,view,,253,2025-09-19T13:48:43
i_004538,u_0204,p_0106,checkin,,,2025-08-06T17:47:43
i_004539,u_0204,p_0008,view,,90,2025-08-07T02:54:43
i_004540,u_0204,p_0063,view,,307,2025-07-26T16:10:43
i_004541,u_0204,p_0039,view,,182,2025-08-24T09:50:43
i_004542,u_0205,p_0103,click,,272,2025-09-03T11:09:43
i_004543,u_0205,p_0020,save,4.6,,2025-07-18T18:30:43
i_004544,u_0205,p_0108,view,,127,2025-08-15T16:59:43
i_004545,u_0205,p_0010,view,,221,2025-08-02T01:20:43
i_004546,u_0205,p_0103,view,,164,2025-09-24T00:12:43
i_004547,u_0205,p_0010,checkin,3.7,,2025-07-30T23:22:43
i_004548,u_0205,p_0112,save,,,2025-10-29T16:05:43
i_004549,u_0205,p_0002,view,,119,2025-10-21T08:31:43
i_004550,u_0205,p_0043,click,,312,2025-09-29T17:06:43
i_004551,u_0205,p_0053,view,,193,2025-07-28T04:53:43
i_004552,u_0205,p_0051,save,,,2025-08-13T19:42:43
i_004553,u_0205,p_0020,view,,222,2025-10-15T01:40:43
i_004554,u_0205,p_0045,checkin,,,2025-07-12T02:21:43
i_004555,u_0205,p_0138,view,,20,2025-08-30T18:26:43
i_004556,u_0205,p_0133,click,4.1,270,2025-10-15T23:55:43
i_004557,u_0205,p_0042,save,3.8,,2025-09-14T00:29:43
i_004558,u_0205,p_0128,view,,260,2025-10-12T23:26:43
i_004559,u_0205,p_0018,view,,209,2025-11-03T11:02:43
i_004560,u_0205,p_0128,save,3.3,,2025-09-07T16:27:43
i_004561,u_0205,p_0136,view,,50,2025-08-06T11:13:43
i_004562,u_0205,p_0055,view,,163,2025-10-19T07:39:43
i_004563,u_0205,p_0101,click,3.9,122,2025-10-06T00:32:43
i_004564,u_0205,p_0117,click,4.6,82,2025-10-26T11:47:43
i_004565,u_0205,p_0040,view,,392,2025-10-20T09:55:43
i_004566,u_0205,p_0016,click,,190,2025-07-10T20:54:43
i_004567,u_0206,p_0021,checkin,5.0,,2025-10-19T12:05:43
i_004568,u_0206,p_0103,view,,141,2025-10-25T18:40:43
i_004569,u_0206,p_0107,click,,111,2025-09-19T14:09:43
i_004570,u_0206,p_0006,save,4.6,,2025-09-08T09:10:43
i_004571,u_0206,p_0135,click,,265,2025-09-02T13:35:43
i_004572,u_0206,p_0115,click,4.7,282,2025-09-04T14:12:43
i_004573,u_0206,p_0054,click,3.9,359,2025-10-05T15:46:43
i_004574,u_0206,p_0101,click,4.6,66,2025-10-14T22:54:43
i_004575,u_0206,p_0021,save,,,2025-08-21T01:32:43
i_004576,u_0206,p_0127,checkin,,,2025-09-07T01:27:43
i_004577,u_0206,p_0040,click,4.0,277,2025-09-02T13:06:43
i_004578,u_0206,p_0047,save,,,2025-09-23T01:40:43
i_004579,u_0206,p_0041,view,,236,2025-08-31T17:16:43
i_004580,u_0206,p_0109,save,,,2025-07-12T05:11:43
i_004581,u_0206,p_0112,view,,255,2025-07-16T03:35:43
i_004582,u_0206,p_0065,click,,91,2025-10-05T09:36:43
i_004583,u_0206,p_0058,view,,182,2025-08-30T19:10:43
i_004584,u_0206,p_0109,view,,246,2025-09-09T02:59:43
i_004585,u_0206,p_0104,save,4.4,,2025-07-31T14:13:43
i_004586,u_0206,p_0107,checkin,4.4,,2025-09-26T04:37:43
i_004587,u_0206,p_0006,save,4.1,,2025-07-07T19:42:43
i_004588,u_0206,p_0103,view,,172,2025-07-11T07:40:43
i_004589,u_0206,p_0138,checkin,4.3,,2025-07-25T23:51:43
i_004590,u_0206,p_0008,save,3.0,,2025-09-14T12:22:43
i_004591,u_0206,p_0127,click,3.8,196,2025-09-25T09:12:43
i_004592,u_0207,p_0009,view,,250,2025-10-14T07:27:43
i_004593,u_0207,p_0118,view,,185,2025-09-18T23:19:43
i_004594,u_0207,p_0001,view,,195,2025-09-29T01:09:43
i_004595,u_0207,p_0014,save,3.9,,2025-10-06T19:37:43
i_004596,u_0207,p_0006,click,,136,2025-10-23T09:05:43
i_004597,u_0207,p_0138,view,,187,2025-09-30T19:36:43
i_004598,u_0207,p_0043,checkin,,,2025-10-13T08:48:43
i_004599,u_0207,p_0112,view,,354,2025-10-29T12:52:43
i_004600,u_0207,p_0111,click,,38,2025-10-18T18:54:43
i_004601,u_0207,p_0048,click,4.2,208,2025-10-20T04:28:43
i_004602,u_0207,p_0013,view,,226,2025-10-25T09:02:43
i_004603,u_0207,p_0139,click,,179,2025-07-07T19:24:43
i_004604,u_0207,p_0102,view,,241,2025-07-09T07:42:43
i_004605,u_0207,p_0113,view,,163,2025-07-19T11:19:43
i_004606,u_0207,p_0009,view,,175,2025-08-03T23:30:43
i_004607,u_0207,p_0014,view,,164,2025-08-03T23:45:43
i_004608,u_0207,p_0110,click,,372,2025-07-11T02:58:43
i_004609,u_0207,p_0134,click,3.4,184,2025-09-30T23:23:43
i_004610,u_0207,p_0041,view,,274,2025-10-19T00:27:43
i_004611,u_0208,p_0122,click,5.0,206,2025-09-13T09:04:43
i_004612,u_0208,p_0111,save,,,2025-09-12T21:53:43
i_004613,u_0208,p_0127,view,,254,2025-07-08T03:49:43
i_004614,u_0208,p_0030,view,,297,2025-07-10T21:07:43
i_004615,u_0208,p_0107,click,3.9,121,2025-09-18T12:15:43
i_004616,u_0208,p_0017,save,3.8,,2025-08-27T09:45:43
i_004617,u_0208,p_0118,checkin,5.0,,2025-10-12T05:20:43
i_004618,u_0208,p_0004,click,4.1,223,2025-08-10T22:28:43
i_004619,u_0208,p_0137,click,,303,2025-08-13T06:22:43
i_004620,u_0208,p_0105,save,,,2025-07-08T19:53:43
i_004621,u_0208,p_0063,save,3.8,,2025-10-26T03:38:43
i_004622,u_0208,p_0122,click,5.0,282,2025-07-08T03:04:43
i_004623,u_0208,p_0126,click,4.3,368,2025-08-10T07:01:43
i_004624,u_0208,p_0126,click,3.7,247,2025-10-23T04:45:43
i_004625,u_0208,p_0104,view,,216,2025-08-22T23:36:43
i_004626,u_0209,p_0033,view,,140,2025-08-23T01:52:43
i_004627,u_0209,p_0007,view,,363,2025-08-01T08:25:43
i_004628,u_0209,p_0109,click,,298,2025-09-05T08:58:43
i_004629,u_0209,p_0018,view,,163,2025-08-01T17:35:43
i_004630,u_0209,p_0058,view,,385,2025-09-12T22:06:43
i_004631,u_0209,p_0113,click,4.4,365,2025-09-04T00:50:43
i_004632,u_0209,p_0008,view,,205,2025-09-13T04:48:43
i_004633,u_0209,p_0102,save,,,2025-09-02T02:08:43
i_004634,u_0209,p_0129,click,4.1,182,2025-09-09T03:32:43
i_004635,u_0209,p_0107,view,,254,2025-08-03T23:53:43
i_004636,u_0209,p_0118,view,,292,2025-09-06T19:03:43
i_004637,u_0209,p_0112,save,,,2025-10-15T13:37:43
i_004638,u_0209,p_0048,click,,274,2025-08-18T21:39:43
i_004639,u_0209,p_0117,click,4.5,233,2025-09-26T21:16:43
i_004640,u_0209,p_0119,view,,293,2025-09-01T22:47:43
i_004641,u_0209,p_0106,view,,309,2025-07-30T07:25:43
i_004642,u_0209,p_0123,checkin,,,2025-08-07T07:52:43
i_004643,u_0209,p_0115,view,,400,2025-10-26T10:02:43
i_004644,u_0209,p_0052,click,,237,2025-10-10T00:51:43
i_004645,u_0209,p_0058,checkin,3.3,,2025-10-03T03:04:43
i_004646,u_0209,p_0044,save,4.4,,2025-09-24T05:51:43
i_004647,u_0209,p_0109,checkin,3.8,,2025-07-08T11:52:43
i_004648,u_0209,p_0115,view,,345,2025-09-06T13:59:43
i_004649,u_0209,p_0110,click,,89,2025-07-31T06:23:43
i_004650,u_0210,p_0008,click,3.6,305,2025-10-15T19:44:43
i_004651,u_0210,p_0110,click,3.9,153,2025-10-19T06:39:43
i_004652,u_0210,p_0045,view,,136,2025-07-23T17:39:43
i_004653,u_0210,p_0108,click,4.5,278,2025-09-11T15:45:43
i_004654,u_0210,p_0112,click,,260,2025-09-01T04:55:43
i_004655,u_0210,p_0061,view,,393,2025-07-13T07:37:43
i_004656,u_0210,p_0061,view,,275,2025-07-14T23:55:43
i_004657,u_0210,p_0018,save,2.9,,2025-07-30T23:45:43
i_004658,u_0210,p_0021,view,,413,2025-07-28T18:35:43
i_004659,u_0210,p_0122,view,,289,2025-10-30T21:21:43
i_004660,u_0210,p_0004,save,3.5,,2025-07-13T19:13:43
i_004661,u_0210,p_0133,view,,232,2025-10-25T22:45:43
i_004662,u_0210,p_0056,view,,329,2025-09-03T12:08:43
i_004663,u_0210,p_0113,view,,337,2025-09-12T20:02:43
i_004664,u_0210,p_0106,view,,89,2025-08-09T02:35:43
i_004665,u_0210,p_0117,save,,,2025-09-05T16:45:43
i_004666,u_0210,p_0049,click,2.4,77,2025-09-24T17:17:43
i_004667,u_0210,p_0008,view,,358,2025-09-29T10:52:43
i_004668,u_0210,p_0114,save,,,2025-11-04T18:33:43
i_004669,u_0210,p_0134,view,,365,2025-07-16T05:21:43
i_004670,u_0210,p_0117,view,,264,2025-11-01T02:25:43
i_004671,u_0210,p_0006,view,,143,2025-10-25T12:21:43
i_004672,u_0210,p_0106,save,3.1,,2025-10-19T21:18:43
i_004673,u_0210,p_0021,view,,277,2025-07-14T02:00:43
i_004674,u_0211,p_0129,view,,122,2025-08-09T16:52:43
i_004675,u_0211,p_0008,view,,140,2025-10-31T01:43:43
i_004676,u_0211,p_0130,view,,180,2025-11-04T15:46:43
i_004677,u_0211,p_0002,view,,235,2025-09-17T04:31:43
i_004678,u_0211,p_0117,click,4.6,92,2025-08-22T22:14:43
i_004679,u_0211,p_0048,click,4.6,348,2025-07-07T18:27:43
i_004680,u_0211,p_0110,click,4.9,201,2025-08-01T14:43:43
i_004681,u_0211,p_0044,view,,153,2025-09-21T00:49:43
i_004682,u_0211,p_0066,view,,359,2025-08-26T22:01:43
i_004683,u_0211,p_0046,click,3.9,133,2025-10-22T05:38:43
i_004684,u_0211,p_0104,view,,277,2025-09-27T16:19:43
i_004685,u_0211,p_0119,view,,455,2025-09-16T03:17:43
i_004686,u_0211,p_0056,view,,273,2025-07-30T04:04:43
i_004687,u_0211,p_0046,click,,257,2025-10-25T20:37:43
i_004688,u_0211,p_0053,save,,,2025-08-19T17:22:43
i_004689,u_0211,p_0046,view,,150,2025-10-23T16:31:43
i_004690,u_0211,p_0021,view,,303,2025-07-17T10:15:43
i_004691,u_0211,p_0020,save,4.8,,2025-08-28T16:11:43
i_004692,u_0211,p_0128,click,,128,2025-07-14T17:22:43
i_004693,u_0211,p_0020,view,,99,2025-09-04T17:56:43
i_004694,u_0211,p_0066,click,5.0,206,2025-09-20T02:18:43
i_004695,u_0211,p_0064,checkin,3.4,,2025-07-09T10:54:43
i_004696,u_0211,p_0021,checkin,4.3,,2025-07-07T21:18:43
i_004697,u_0211,p_0019,view,,274,2025-08-27T06:00:43
i_004698,u_0211,p_0121,view,,298,2025-10-05T11:20:43
i_004699,u_0211,p_0059,view,,236,2025-09-09T16:31:43
i_004700,u_0211,p_0016,save,,,2025-09-13T08:37:43
i_004701,u_0212,p_0122,view,,239,2025-07-22T13:17:43
i_004702,u_0212,p_0134,view,,169,2025-09-19T07:05:43
i_004703,u_0212,p_0040,click,,224,2025-09-13T10:38:43
i_004704,u_0212,p_0113,save,4.0,,2025-10-17T07:51:43
i_004705,u_0212,p_0111,checkin,,,2025-07-22T00:28:43
i_004706,u_0212,p_0064,save,4.3,,2025-08-14T10:11:43
i_004707,u_0212,p_0115,click,,192,2025-10-09T15:49:43
i_004708,u_0212,p_0115,click,,264,2025-08-02T22:12:43
i_004709,u_0212,p_0052,click,3.8,179,2025-09-09T18:20:43
i_004710,u_0212,p_0112,view,,397,2025-07-15T06:30:43
i_004711,u_0212,p_0033,click,3.4,196,2025-07-12T14:12:43
i_004712,u_0212,p_0102,view,,224,2025-09-20T11:27:43
i_004713,u_0212,p_0134,view,,368,2025-10-10T17:51:43
i_004714,u_0212,p_0024,save,,,2025-10-09T13:28:43
i_004715,u_0212,p_0012,view,,187,2025-07-22T06:23:43
i_004716,u_0212,p_0002,view,,181,2025-08-09T08:34:43
i_004717,u_0212,p_0014,view,,164,2025-08-27T23:54:43
i_004718,u_0212,p_0040,save,5.0,,2025-10-01T04:27:43
i_004719,u_0212,p_0011,view,,269,2025-08-05T03:59:43
i_004720,u_0212,p_0116,view,,231,2025-09-09T14:06:43
i_004721,u_0212,p_0122,click,3.7,206,2025-08-05T23:39:43
i_004722,u_0212,p_0045,view,,239,2025-09-08T20:01:43
i_004723,u_0212,p_0058,click,4.5,239,2025-07-27T05:05:43
i_004724,u_0212,p_0040,save,5.0,,2025-09-13T07:19:43
i_004725,u_0212,p_0001,view,,204,2025-10-19T22:06:43
i_004726,u_0212,p_0044,save,,,2025-11-02T11:58:43
i_004727,u_0213,p_0120,checkin,,,2025-09-06T08:09:43
i_004728,u_0213,p_0123,click,4.2,236,2025-08-19T07:52:43
i_004729,u_0213,p_0118,click,,232,2025-07-28T14:32:43
i_004730,u_0213,p_0001,click,,403,2025-07-25T05:39:43
i_004731,u_0213,p_0044,view,,288,2025-07-11T21:51:43
i_004732,u_0213,p_0118,click,,345,2025-10-29T13:19:43
i_004733,u_0213,p_0066,view,,381,2025-09-24T07:43:43
i_004734,u_0213,p_0109,checkin,,,2025-07-27T05:53:43
i_004735,u_0213,p_0017,click,,269,2025-09-27T07:09:43
i_004736,u_0213,p_0008,view,,249,2025-10-19T17:49:43
i_004737,u_0213,p_0118,save,4.0,,2025-10-15T08:17:43
i_004738,u_0213,p_0101,click,2.9,202,2025-10-22T10:53:43
i_004739,u_0213,p_0013,save,4.2,,2025-09-26T10:55:43
i_004740,u_0213,p_0123,view,,300,2025-11-01T16:06:43
i_004741,u_0213,p_0129,checkin,3.7,,2025-10-07T12:37:43
i_004742,u_0213,p_0044,checkin,3.5,,2025-10-08T06:11:43
i_004743,u_0213,p_0005,click,,245,2025-09-24T21:11:43
i_004744,u_0213,p_0101,click,4.4,188,2025-09-16T18:01:43
i_004745,u_0213,p_0136,click,,200,2025-09-21T03:07:43
i_004746,u_0213,p_0061,view,,293,2025-09-18T09:24:43
i_004747,u_0213,p_0059,view,,324,2025-08-28T03:30:43
i_004748,u_0213,p_0137,view,,190,2025-10-21T16:19:43
i_004749,u_0213,p_0002,view,,295,2025-08-17T16:50:43
i_004750,u_0213,p_0039,view,,181,2025-09-26T02:30:43
i_004751,u_0213,p_0106,save,4.4,,2025-10-27T04:48:43
i_004752,u_0213,p_0115,click,,197,2025-09-15T02:23:43
i_004753,u_0214,p_0128,click,,129,2025-08-29T06:06:43
i_004754,u_0214,p_0065,checkin,,,2025-07-26T18:01:43
i_004755,u_0214,p_0001,checkin,,,2025-08-11T14:13:43
i_004756,u_0214,p_0116,click,3.5,233,2025-09-01T16:04:43
i_004757,u_0214,p_0044,click,4.9,339,2025-07-25T02:23:43
i_004758,u_0214,p_0040,view,,367,2025-08-25T13:06:43
i_004759,u_0214,p_0135,click,,200,2025-08-17T07:12:43
i_004760,u_0214,p_0123,view,,272,2025-07-18T15:26:43
i_004761,u_0214,p_0135,view,,237,2025-08-06T08:43:43
i_004762,u_0214,p_0010,click,2.8,207,2025-07-11T12:44:43
i_004763,u_0214,p_0002,click,3.6,208,2025-10-31T05:46:43
i_004764,u_0214,p_0049,view,,30,2025-09-12T18:16:43
i_004765,u_0214,p_0138,save,,,2025-10-19T22:48:43
i_004766,u_0214,p_0058,view,,317,2025-08-22T20:38:43
i_004767,u_0214,p_0040,click,5.0,186,2025-08-20T17:34:43
i_004768,u_0214,p_0056,click,,187,2025-07-28T16:28:43
i_004769,u_0214,p_0024,view,,312,2025-07-30T04:36:43
i_004770,u_0214,p_0013,view,,181,2025-10-03T10:07:43
i_004771,u_0214,p_0047,save,3.5,,2025-07-10T05:46:43
i_004772,u_0214,p_0040,view,,241,2025-07-11T14:20:43
i_004773,u_0214,p_0017,save,,,2025-10-22T13:29:43
i_004774,u_0214,p_0119,view,,167,2025-07-09T12:02:43
i_004775,u_0214,p_0004,view,,311,2025-09-03T16:01:43
i_004776,u_0214,p_0048,view,,318,2025-09-30T13:58:43
i_004777,u_0214,p_0102,view,,244,2025-09-21T03:53:43
i_004778,u_0214,p_0006,checkin,3.9,,2025-09-27T02:21:43
i_004779,u_0214,p_0134,view,,255,2025-07-15T22:47:43
i_004780,u_0215,p_0119,view,,250,2025-09-16T00:13:43
i_004781,u_0215,p_0066,view,,266,2025-09-17T02:22:43
i_004782,u_0215,p_0030,save,4.0,,2025-09-30T19:15:43
i_004783,u_0215,p_0125,view,,215,2025-10-16T17:27:43
i_004784,u_0215,p_0113,click,5.0,20,2025-08-14T19:35:43
i_004785,u_0215,p_0121,click,3.5,232,2025-10-26T02:33:43
i_004786,u_0215,p_0066,click,5.0,246,2025-08-08T09:10:43
i_004787,u_0215,p_0106,click,,248,2025-08-24T16:42:43
i_004788,u_0215,p_0060,save,4.8,,2025-09-04T16:03:43
i_004789,u_0215,p_0113,view,,442,2025-07-31T07:43:43
i_004790,u_0215,p_0125,save,,,2025-10-03T13:41:43
i_004791,u_0215,p_0039,save,,,2025-09-17T23:20:43
i_004792,u_0215,p_0058,view,,406,2025-08-07T23:26:43
i_004793,u_0215,p_0037,view,,252,2025-09-13T22:01:43
i_004794,u_0215,p_0127,click,4.8,166,2025-08-12T14:14:43
i_004795,u_0215,p_0104,click,4.4,30,2025-11-02T01:51:43
i_004796,u_0215,p_0046,save,,,2025-07-26T22:40:43
i_004797,u_0215,p_0003,view,,144,2025-09-18T03:32:43
i_004798,u_0215,p_0054,click,,206,2025-10-28T18:42:43
i_004799,u_0215,p_0111,click,4.7,140,2025-08-15T23:45:43
i_004800,u_0216,p_0117,checkin,4.2,,2025-09-20T07:14:43
i_004801,u_0216,p_0115,save,3.3,,2025-10-16T10:07:43
i_004802,u_0216,p_0060,view,,174,2025-09-19T07:18:43
i_004803,u_0216,p_0109,view,,229,2025-07-21T14:31:43
i_004804,u_0216,p_0018,checkin,4.2,,2025-10-12T19:54:43
i_004805,u_0216,p_0037,click,,247,2025-08-31T09:12:43
i_004806,u_0216,p_0066,click,5.0,328,2025-09-28T04:39:43
i_004807,u_0216,p_0037,click,4.2,232,2025-09-06T00:15:43
i_004808,u_0216,p_0115,view,,328,2025-09-14T02:43:43
i_004809,u_0216,p_0135,click,4.5,373,2025-10-25T23:12:43
i_004810,u_0216,p_0109,save,,,2025-09-10T20:06:43
i_004811,u_0216,p_0052,view,,200,2025-07-25T15:11:43
i_004812,u_0216,p_0132,save,4.4,,2025-09-29T15:40:43
i_004813,u_0216,p_0139,click,4.4,184,2025-07-17T21:49:43
i_004814,u_0216,p_0119,view,,232,2025-10-12T07:16:43
i_004815,u_0216,p_0115,save,,,2025-07-30T02:26:43
i_004816,u_0216,p_0045,view,,201,2025-09-06T00:38:43
i_004817,u_0216,p_0061,click,,264,2025-08-16T03:55:43
i_004818,u_0216,p_0133,save,,,2025-10-10T02:54:43
i_004819,u_0216,p_0054,click,,323,2025-08-14T03:27:43
i_004820,u_0216,p_0131,checkin,3.1,,2025-09-26T23:13:43
i_004821,u_0216,p_0045,click,,232,2025-08-29T10:52:43
i_004822,u_0216,p_0037,save,4.6,,2025-07-14T06:12:43
i_004823,u_0216,p_0112,click,,304,2025-11-01T15:09:43
i_004824,u_0216,p_0121,save,,,2025-09-10T00:48:43
i_004825,u_0216,p_0137,view,,78,2025-10-08T23:52:43
i_004826,u_0216,p_0123,checkin,,,2025-10-24T02:12:43
i_004827,u_0216,p_0126,click,,267,2025-07-14T23:45:43
i_004828,u_0216,p_0058,click,,103,2025-09-07T20:32:43
i_004829,u_0217,p_0113,save,5.0,,2025-07-11T12:54:43
i_004830,u_0217,p_0046,click,3.4,259,2025-09-08T11:01:43
i_004831,u_0217,p_0064,checkin,3.8,,2025-07-23T11:36:43
i_004832,u_0217,p_0059,click,5.0,162,2025-10-12T10:41:43
i_004833,u_0217,p_0122,click,4.4,263,2025-07-27T09:33:43
i_004834,u_0217,p_0134,click,4.3,397,2025-08-15T19:51:43
i_004835,u_0217,p_0114,view,,255,2025-07-19T18:20:43
i_004836,u_0217,p_0134,view,,247,2025-08-03T12:29:43
i_004837,u_0217,p_0111,click,5.0,133,2025-08-17T18:17:43
i_004838,u_0217,p_0117,click,3.7,210,2025-07-16T03:03:43
i_004839,u_0217,p_0102,save,3.8,,2025-11-01T07:00:43
i_004840,u_0217,p_0006,save,5.0,,2025-08-02T16:32:43
i_004841,u_0217,p_0052,save,3.5,,2025-09-17T09:12:43
i_004842,u_0217,p_0066,view,,323,2025-08-12T19:02:43
i_004843,u_0217,p_0033,click,4.7,172,2025-10-27T12:19:43
i_004844,u_0217,p_0003,view,,379,2025-08-08T21:33:43
i_004845,u_0217,p_0109,view,,180,2025-10-22T08:47:43
i_004846,u_0217,p_0008,view,,268,2025-08-04T05:32:43
i_004847,u_0217,p_0122,view,,212,2025-09-02T02:16:43
i_004848,u_0217,p_0017,view,,148,2025-08-12T21:18:43
i_004849,u_0217,p_0008,view,,256,2025-09-20T08:04:43
i_004850,u_0217,p_0135,save,,,2025-08-13T17:16:43
i_004851,u_0217,p_0011,view,,94,2025-07-11T21:44:43
i_004852,u_0217,p_0111,save,4.1,,2025-10-25T01:33:43
i_004853,u_0217,p_0058,view,,340,2025-09-09T14:59:43
i_004854,u_0217,p_0120,click,,409,2025-07-08T08:15:43
i_004855,u_0217,p_0067,view,,246,2025-08-10T03:54:43
i_004856,u_0217,p_0053,save,4.6,,2025-08-21T23:41:43
i_004857,u_0217,p_0037,view,,356,2025-09-24T14:21:43
i_004858,u_0218,p_0122,checkin,,,2025-09-16T02:54:43
i_004859,u_0218,p_0040,click,,232,2025-07-24T16:45:43
i_004860,u_0218,p_0133,view,,235,2025-09-01T02:02:43
i_004861,u_0218,p_0103,click,,268,2025-10-13T04:30:43
i_004862,u_0218,p_0121,click,2.9,289,2025-07-16T19:14:43
i_004863,u_0218,p_0134,view,,390,2025-10-18T22:13:43
i_004864,u_0218,p_0118,view,,310,2025-09-25T23:44:43
i_004865,u_0218,p_0134,click,,387,2025-09-29T08:08:43
i_004866,u_0218,p_0137,view,,212,2025-07-21T05:59:43
i_004867,u_0218,p_0021,view,,318,2025-09-27T09:12:43
i_004868,u_0218,p_0114,click,,163,2025-09-14T18:46:43
i_004869,u_0218,p_0060,view,,38,2025-10-11T12:42:43
i_004870,u_0218,p_0033,click,4.1,288,2025-10-26T07:25:43
i_004871,u_0218,p_0128,view,,143,2025-09-24T23:20:43
i_004872,u_0218,p_0040,view,,243,2025-07-20T06:13:43
i_004873,u_0218,p_0138,view,,306,2025-08-10T13:54:43
i_004874,u_0218,p_0015,save,4.6,,2025-10-07T08:16:43
i_004875,u_0218,p_0065,view,,64,2025-09-06T19:49:43
i_004876,u_0218,p_0044,click,4.4,110,2025-10-23T16:59:43
i_004877,u_0218,p_0040,view,,366,2025-10-26T13:52:43
i_004878,u_0218,p_0030,view,,246,2025-09-15T11:50:43
i_004879,u_0219,p_0042,click,,325,2025-10-24T05:27:43
i_004880,u_0219,p_0067,click,,288,2025-10-09T13:47:43
i_004881,u_0219,p_0135,view,,331,2025-10-08T07:26:43
i_004882,u_0219,p_0063,save,4.3,,2025-10-18T17:43:43
i_004883,u_0219,p_0135,save,4.1,,2025-09-03T21:03:43
i_004884,u_0219,p_0002,save,4.2,,2025-07-20T19:37:43
i_004885,u_0219,p_0053,view,,320,2025-07-09T03:14:43
i_004886,u_0219,p_0132,save,3.7,,2025-09-01T19:03:43
i_004887,u_0219,p_0107,save,3.9,,2025-09-21T19:18:43
i_004888,u_0219,p_0067,save,,,2025-09-29T11:11:43
i_004889,u_0219,p_0053,view,,251,2025-11-01T06:42:43
i_004890,u_0219,p_0051,click,3.0,177,2025-10-07T10:49:43
i_004891,u_0219,p_0107,click,3.8,219,2025-10-21T04:50:43
i_004892,u_0219,p_0008,view,,273,2025-09-20T14:03:43
i_004893,u_0219,p_0017,save,3.2,,2025-08-11T02:57:43
i_004894,u_0219,p_0050,view,,192,2025-10-27T16:46:43
i_004895,u_0219,p_0105,view,,259,2025-08-24T01:19:43
i_004896,u_0219,p_0116,click,5.0,229,2025-07-27T03:18:43
i_004897,u_0219,p_0008,save,,,2025-08-28T22:27:43
i_004898,u_0219,p_0040,view,,266,2025-08-16T15:58:43
i_004899,u_0219,p_0118,view,,310,2025-10-19T19:07:43
i_004900,u_0219,p_0118,view,,299,2025-10-26T11:22:43
i_004901,u_0219,p_0115,view,,281,2025-08-07T06:53:43
i_004902,u_0219,p_0139,view,,242,2025-10-23T04:01:43
i_004903,u_0220,p_0037,view,,293,2025-08-28T13:47:43
i_004904,u_0220,p_0015,view,,191,2025-10-02T12:52:43
i_004905,u_0220,p_0005,checkin,,,2025-09-16T00:28:43
i_004906,u_0220,p_0135,view,,249,2025-08-07T20:14:43
i_004907,u_0220,p_0115,click,,271,2025-10-10T12:22:43
i_004908,u_0220,p_0063,view,,227,2025-10-23T13:16:43
i_004909,u_0220,p_0136,save,3.9,,2025-10-29T01:46:43
i_004910,u_0220,p_0008,save,,,2025-10-10T12:57:43
i_004911,u_0220,p_0066,checkin,,,2025-10-03T10:36:43
i_004912,u_0220,p_0021,save,4.4,,2025-11-02T23:20:43
i_004913,u_0220,p_0065,click,3.9,128,2025-08-24T15:21:43
i_004914,u_0220,p_0040,view,,337,2025-08-16T06:23:43
i_004915,u_0220,p_0129,view,,341,2025-10-02T21:36:43
i_004916,u_0220,p_0056,click,,211,2025-07-14T23:18:43
i_004917,u_0220,p_0108,view,,177,2025-07-08T09:49:43
i_004918,u_0220,p_0109,save,4.6,,2025-09-25T19:11:43
i_004919,u_0220,p_0020,view,,292,2025-09-29T13:42:43
i_004920,u_0220,p_0105,view,,161,2025-09-10T18:57:43
i_004921,u_0220,p_0127,checkin,4.2,,2025-10-30T08:55:43
i_004922,u_0220,p_0104,view,,283,2025-07-09T12:43:43
i_004923,u_0220,p_0001,click,5.0,284,2025-08-20T05:16:43
i_004924,u_0221,p_0118,view,,266,2025-10-29T03:49:43
i_004925,u_0221,p_0121,save,,,2025-07-29T03:08:43
i_004926,u_0221,p_0134,view,,315,2025-08-17T16:05:43
i_004927,u_0221,p_0103,click,4.0,296,2025-07-16T11:06:43
i_004928,u_0221,p_0066,view,,378,2025-09-25T06:43:43
i_004929,u_0221,p_0004,view,,283,2025-09-17T16:13:43
i_004930,u_0221,p_0110,view,,199,2025-11-02T07:53:43
i_004931,u_0221,p_0106,save,,,2025-08-10T18:01:43
i_004932,u_0221,p_0020,save,,,2025-08-14T07:10:43
i_004933,u_0221,p_0118,view,,397,2025-08-19T14:25:43
i_004934,u_0221,p_0123,view,,287,2025-10-30T07:23:43
i_004935,u_0221,p_0112,view,,315,2025-10-05T22:31:43
i_004936,u_0221,p_0136,click,4.4,266,2025-11-01T14:44:43
i_004937,u_0221,p_0139,save,,,2025-09-22T09:31:43
i_004938,u_0221,p_0132,view,,174,2025-07-17T15:00:43
i_004939,u_0221,p_0126,view,,165,2025-08-15T09:05:43
i_004940,u_0221,p_0104,click,,217,2025-07-11T00:04:43
i_004941,u_0221,p_0040,view,,227,2025-07-16T04:24:43
i_004942,u_0221,p_0111,view,,242,2025-09-13T01:34:43
i_004943,u_0221,p_0005,view,,200,2025-09-16T01:45:43
i_004944,u_0221,p_0054,view,,227,2025-10-30T11:15:43
i_004945,u_0221,p_0064,view,,239,2025-07-09T07:07:43
i_004946,u_0222,p_0109,view,,209,2025-07-30T10:56:43
i_004947,u_0222,p_0048,click,,199,2025-07-25T01:07:43
i_004948,u_0222,p_0016,view,,223,2025-10-21T16:53:43
i_004949,u_0222,p_0014,view,,37,2025-08-26T22:20:43
i_004950,u_0222,p_0005,view,,238,2025-10-24T13:00:43
i_004951,u_0222,p_0135,view,,196,2025-08-18T17:05:43
i_004952,u_0222,p_0116,click,,324,2025-10-09T16:16:43
i_004953,u_0222,p_0010,view,,256,2025-10-31T22:34:43
i_004954,u_0222,p_0037,view,,271,2025-10-08T16:49:43
i_004955,u_0222,p_0040,click,,238,2025-07-24T04:35:43
i_004956,u_0222,p_0056,click,4.5,258,2025-09-26T19:37:43
i_004957,u_0222,p_0102,view,,217,2025-07-31T14:18:43
i_004958,u_0222,p_0003,view,,38,2025-08-04T05:40:43
i_004959,u_0222,p_0116,view,,272,2025-10-01T10:10:43
i_004960,u_0222,p_0054,click,3.5,209,2025-10-05T19:22:43
i_004961,u_0222,p_0133,click,,300,2025-08-03T16:20:43
i_004962,u_0222,p_0009,view,,20,2025-11-03T00:35:43
i_004963,u_0222,p_0133,checkin,4.2,,2025-08-07T18:31:43
i_004964,u_0222,p_0042,view,,206,2025-08-17T23:06:43
i_004965,u_0222,p_0066,save,,,2025-08-15T16:04:43
i_004966,u_0222,p_0013,checkin,,,2025-10-03T03:05:43
i_004967,u_0223,p_0021,click,,378,2025-11-01T02:40:43
i_004968,u_0223,p_0024,click,,236,2025-08-12T01:22:43
i_004969,u_0223,p_0106,view,,79,2025-09-19T04:37:43
i_004970,u_0223,p_0109,click,,325,2025-08-16T07:16:43
i_004971,u_0223,p_0040,checkin,4.4,,2025-08-04T02:29:43
i_004972,u_0223,p_0120,view,,295,2025-07-20T00:36:43
i_004973,u_0223,p_0115,view,,177,2025-10-31T22:32:43
i_004974,u_0223,p_0104,view,,310,2025-10-12T22:56:43
i_004975,u_0223,p_0043,view,,294,2025-10-12T10:13:43
i_004976,u_0223,p_0008,view,,267,2025-09-28T05:40:43
i_004977,u_0223,p_0134,click,,258,2025-07-17T20:34:43
i_004978,u_0223,p_0126,view,,316,2025-10-18T11:34:43
i_004979,u_0223,p_0121,save,5.0,,2025-11-03T06:33:43
i_004980,u_0223,p_0118,view,,201,2025-08-10T19:32:43
i_004981,u_0223,p_0107,view,,309,2025-07-26T04:13:43
i_004982,u_0223,p_0012,view,,114,2025-10-07T11:37:43
i_004983,u_0223,p_0060,view,,153,2025-10-13T23:29:43
i_004984,u_0223,p_0060,click,3.3,273,2025-08-03T07:26:43
i_004985,u_0223,p_0117,view,,263,2025-07-18T00:03:43
i_004986,u_0224,p_0131,view,,269,2025-09-18T11:22:43
i_004987,u_0224,p_0009,click,,290,2025-08-31T21:11:43
i_004988,u_0224,p_0050,click,3.2,260,2025-09-19T12:19:43
i_004989,u_0224,p_0121,click,3.0,208,2025-08-26T02:15:43
i_004990,u_0224,p_0063,save,3.5,,2025-09-15T07:59:43
i_004991,u_0224,p_0131,view,,109,2025-08-10T04:10:43
i_004992,u_0224,p_0048,view,,161,2025-10-02T13:54:43
i_004993,u_0224,p_0009,checkin,,,2025-07-15T21:59:43
i_004994,u_0224,p_0121,checkin,3.3,,2025-07-14T09:35:43
i_004995,u_0224,p_0040,view,,294,2025-08-03T19:48:43
i_004996,u_0224,p_0125,click,3.2,241,2025-10-23T23:47:43
i_004997,u_0224,p_0005,checkin,,,2025-10-24T10:42:43
i_004998,u_0224,p_0003,view,,204,2025-09-25T10:52:43
i_004999,u_0224,p_0115,view,,234,2025-08-26T04:31:43
i_005000,u_0224,p_0001,save,,,2025-10-24T16:19:43
i_005001,u_0224,p_0062,view,,240,2025-07-10T22:02:43
i_005002,u_0224,p_0103,view,,180,2025-07-11T22:38:43
i_005003,u_0224,p_0120,save,,,2025-08-19T06:03:43
i_005004,u_0224,p_0113,click,3.6,407,2025-10-26T07:06:43
i_005005,u_0224,p_0127,view,,160,2025-10-18T05:44:43
i_005006,u_0224,p_0109,click,3.3,165,2025-10-09T07:02:43
i_005007,u_0224,p_0063,view,,217,2025-09-14T22:24:43
i_005008,u_0224,p_0113,view,,157,2025-09-10T03:57:43
i_005009,u_0224,p_0044,checkin,,,2025-09-07T19:31:43
i_005010,u_0224,p_0137,click,4.0,360,2025-10-24T13:50:43
i_005011,u_0224,p_0113,view,,349,2025-08-07T00:07:43
i_005012,u_0224,p_0113,view,,208,2025-10-04T06:10:43
i_005013,u_0224,p_0016,save,,,2025-08-12T01:48:43
i_005014,u_0224,p_0105,view,,177,2025-08-07T01:33:43
i_005015,u_0225,p_0103,click,,236,2025-08-14T14:33:43
i_005016,u_0225,p_0017,view,,297,2025-11-05T05:36:43
i_005017,u_0225,p_0120,checkin,4.9,,2025-09-01T02:40:43
i_005018,u_0225,p_0015,checkin,4.2,,2025-10-11T04:26:43
i_005019,u_0225,p_0006,click,,466,2025-07-29T04:32:43
i_005020,u_0225,p_0008,click,4.1,297,2025-10-12T11:29:43
i_005021,u_0225,p_0115,view,,205,2025-08-21T02:57:43
i_005022,u_0225,p_0108,view,,136,2025-09-16T21:22:43
i_005023,u_0225,p_0033,click,4.5,170,2025-10-15T07:30:43
i_005024,u_0225,p_0132,click,3.9,150,2025-09-27T10:53:43
i_005025,u_0225,p_0018,view,,142,2025-08-28T21:21:43
i_005026,u_0225,p_0024,click,3.6,182,2025-10-21T01:45:43
i_005027,u_0225,p_0122,checkin,,,2025-08-27T22:16:43
i_005028,u_0225,p_0033,view,,409,2025-09-20T18:38:43
i_005029,u_0225,p_0017,click,4.4,112,2025-09-23T04:51:43
i_005030,u_0225,p_0063,click,,217,2025-10-18T06:40:43
i_005031,u_0225,p_0125,view,,323,2025-08-23T00:28:43
i_005032,u_0225,p_0134,view,,364,2025-09-08T21:35:43
i_005033,u_0225,p_0001,checkin,5.0,,2025-09-21T15:44:43
i_005034,u_0225,p_0005,view,,338,2025-08-02T18:33:43
i_005035,u_0225,p_0134,checkin,,,2025-09-28T09:47:43
i_005036,u_0225,p_0111,view,,74,2025-10-02T01:15:43
i_005037,u_0225,p_0107,view,,378,2025-08-08T19:46:43
i_005038,u_0225,p_0062,save,4.8,,2025-10-24T14:06:43
i_005039,u_0225,p_0121,save,4.6,,2025-10-11T19:55:43
i_005040,u_0225,p_0037,click,,327,2025-07-09T09:28:43
i_005041,u_0225,p_0047,view,,188,2025-09-04T06:02:43
i_005042,u_0226,p_0006,click,5.0,282,2025-07-10T02:15:43
i_005043,u_0226,p_0044,view,,200,2025-08-11T06:44:43
i_005044,u_0226,p_0110,save,,,2025-07-19T04:59:43
i_005045,u_0226,p_0062,view,,231,2025-07-29T10:07:43
i_005046,u_0226,p_0002,click,,192,2025-10-19T18:15:43
i_005047,u_0226,p_0115,click,,332,2025-11-03T02:35:43
i_005048,u_0226,p_0138,save,,,2025-11-05T15:40:43
i_005049,u_0226,p_0018,checkin,3.5,,2025-08-31T22:29:43
i_005050,u_0226,p_0021,save,,,2025-10-14T07:15:43
i_005051,u_0226,p_0033,view,,232,2025-10-31T07:55:43
i_005052,u_0226,p_0122,view,,245,2025-09-22T12:18:43
i_005053,u_0226,p_0019,click,,20,2025-08-02T17:02:43
i_005054,u_0226,p_0054,view,,344,2025-09-15T10:28:43
i_005055,u_0226,p_0009,save,2.9,,2025-09-08T23:51:43
i_005056,u_0226,p_0113,save,,,2025-08-18T03:27:43
i_005057,u_0227,p_0067,click,,240,2025-11-01T01:01:43
i_005058,u_0227,p_0009,view,,102,2025-10-13T14:55:43
i_005059,u_0227,p_0126,save,3.9,,2025-11-03T23:46:43
i_005060,u_0227,p_0107,view,,392,2025-09-03T05:48:43
i_005061,u_0227,p_0109,save,5.0,,2025-07-17T14:10:43
i_005062,u_0227,p_0056,view,,263,2025-07-31T00:04:43
i_005063,u_0227,p_0066,view,,408,2025-08-08T17:56:43
i_005064,u_0227,p_0105,save,,,2025-10-18T08:25:43
i_005065,u_0227,p_0014,view,,249,2025-08-22T13:20:43
i_005066,u_0227,p_0050,save,3.1,,2025-09-08T02:14:43
i_005067,u_0227,p_0037,click,,415,2025-07-13T02:06:43
i_005068,u_0227,p_0117,click,3.8,165,2025-07-10T12:11:43
i_005069,u_0227,p_0033,view,,214,2025-07-24T00:04:43
i_005070,u_0227,p_0015,checkin,,,2025-10-30T16:29:43
i_005071,u_0227,p_0105,view,,226,2025-08-27T03:58:43
i_005072,u_0227,p_0020,save,4.0,,2025-10-19T03:48:43
i_005073,u_0227,p_0002,view,,123,2025-08-28T02:16:43
i_005074,u_0227,p_0001,click,,23,2025-08-09T00:48:43
i_005075,u_0227,p_0040,click,,339,2025-07-24T05:53:43
i_005076,u_0227,p_0005,view,,234,2025-07-11T19:20:43
i_005077,u_0227,p_0115,view,,172,2025-08-08T22:48:43
i_005078,u_0227,p_0050,click,3.5,86,2025-09-25T09:40:43
i_005079,u_0227,p_0129,view,,179,2025-09-26T20:30:43
i_005080,u_0228,p_0102,view,,219,2025-07-15T04:23:43
i_005081,u_0228,p_0062,save,,,2025-08-24T12:11:43
i_005082,u_0228,p_0122,save,4.5,,2025-09-27T01:25:43
i_005083,u_0228,p_0021,click,4.1,193,2025-10-10T16:12:43
i_005084,u_0228,p_0006,view,,26,2025-10-28T13:34:43
i_005085,u_0228,p_0056,save,,,2025-07-18T21:22:43
i_005086,u_0228,p_0040,checkin,,,2025-08-04T09:05:43
i_005087,u_0228,p_0006,view,,293,2025-10-22T08:55:43
i_005088,u_0228,p_0118,save,,,2025-10-08T07:48:43
i_005089,u_0228,p_0044,click,3.5,346,2025-07-11T00:59:43
i_005090,u_0228,p_0007,view,,232,2025-09-22T04:15:43
i_005091,u_0228,p_0007,view,,239,2025-08-22T12:59:43
i_005092,u_0228,p_0133,view,,411,2025-09-05T05:54:43
i_005093,u_0228,p_0138,view,,95,2025-09-03T05:40:43
i_005094,u_0228,p_0066,view,,254,2025-09-22T16:19:43
i_005095,u_0228,p_0108,click,4.4,276,2025-10-27T08:49:43
i_005096,u_0228,p_0047,view,,170,2025-07-10T06:03:43
i_005097,u_0228,p_0063,view,,226,2025-07-19T21:42:43
i_005098,u_0228,p_0012,view,,211,2025-10-03T12:41:43
i_005099,u_0228,p_0050,view,,160,2025-08-08T23:57:43
i_005100,u_0228,p_0104,view,,206,2025-09-05T00:34:43
i_005101,u_0228,p_0107,checkin,4.0,,2025-08-21T23:35:43
i_005102,u_0228,p_0009,view,,20,2025-08-29T17:49:43
i_005103,u_0228,p_0001,click,4.5,250,2025-10-09T12:14:43
i_005104,u_0228,p_0118,view,,301,2025-08-30T21:19:43
i_005105,u_0228,p_0112,click,,398,2025-09-06T19:01:43
i_005106,u_0228,p_0064,view,,104,2025-09-13T18:49:43
